AcquiredTime,Precursor,MinStartTime,MaxEndTime,Annotations,Best.RT,MaxFWHM,TotalArea
9/19/11 13:14,TAAYVNAIEK,18.6,19.09,,18.83,0.18,22469756
9/19/11 14:45,TAAYVNAIEK,18.57,19.09,,18.8,0.19,20801496
9/19/11 16:15,TAAYVNAIEK,18.57,19.06,,18.77,0.18,21277462
9/19/11 17:46,TAAYVNAIEK,18.57,19.09,,18.8,0.18,22276154
9/19/11 19:16,TAAYVNAIEK,18.57,19.09,,18.83,0.18,20757862
9/19/11 20:47,TAAYVNAIEK,18.66,19.15,,18.89,0.18,19974534
9/19/11 22:18,TAAYVNAIEK,18.69,19.21,,18.92,0.18,22473632
9/19/11 23:48,TAAYVNAIEK,18.66,19.21,,18.92,0.19,19872132
9/20/11 1:19,TAAYVNAIEK,18.69,19.23,,18.95,0.18,22454624
9/20/11 16:26,TAAYVNAIEK,18.57,19.09,,18.8,0.19,25403110
9/20/11 17:57,TAAYVNAIEK,18.54,19.06,,18.77,0.17,23309964
9/20/11 19:28,TAAYVNAIEK,18.57,19.09,,18.83,0.18,23380190
9/21/11 3:02,TAAYVNAIEK,18.69,19.21,,18.95,0.18,25383470
9/21/11 15:07,TAAYVNAIEK,18.63,19.15,,18.83,0.18,17498160
9/21/11 16:37,TAAYVNAIEK,18.57,19.06,,18.8,0.18,17537014
9/21/11 18:08,TAAYVNAIEK,18.57,19.09,,18.8,0.18,17590592
9/22/11 5:37,TAAYVNAIEK,18.66,19.18,,18.92,0.18,18750984
9/22/11 15:37,TAAYVNAIEK,18.69,19.23,,18.95,0.18,18208142
9/23/11 1:35,TAAYVNAIEK,18.77,19.32,,19.03,0.19,17164326
9/23/11 3:05,TAAYVNAIEK,18.83,19.41,,19.09,0.19,16827750
9/23/11 4:36,TAAYVNAIEK,18.77,19.29,,19.03,0.18,16988170
9/23/11 12:09,TAAYVNAIEK,18.77,19.29,,19.03,0.18,17246188
9/24/11 0:15,TAAYVNAIEK,18.83,19.38,,19.09,0.19,16582814
9/24/11 1:46,TAAYVNAIEK,18.86,19.38,,19.12,0.19,16784982
9/24/11 3:16,TAAYVNAIEK,18.77,19.29,,19,0.18,19404280
9/24/11 14:47,TAAYVNAIEK,18.69,19.21,,18.92,0.2,16378398
9/25/11 1:03,TAAYVNAIEK,18.57,19.09,,18.83,0.17,18370032
9/25/11 11:02,TAAYVNAIEK,18.57,19.09,,18.77,0.18,16335503
9/25/11 12:33,TAAYVNAIEK,18.63,19.15,,18.89,0.18,16325609
9/25/11 14:03,TAAYVNAIEK,18.83,19.35,,19.06,0.18,20101394
9/25/11 21:37,TAAYVNAIEK,18.72,19.23,,18.95,0.18,17350998
9/26/11 9:42,TAAYVNAIEK,18.72,19.26,,18.95,0.18,16200558
9/26/11 11:13,TAAYVNAIEK,18.63,19.15,,18.86,0.18,15761375
9/26/11 12:43,TAAYVNAIEK,18.77,19.29,,19,0.18,17997186
9/27/11 0:12,TAAYVNAIEK,18.66,19.18,,18.92,0.18,16008599
9/27/11 10:10,TAAYVNAIEK,18.77,19.29,,19,0.18,23803366
9/27/11 20:05,TAAYVNAIEK,18.74,19.29,,18.97,0.19,15193115
9/27/11 21:36,TAAYVNAIEK,18.77,19.29,,19,0.19,14667130
9/27/11 23:06,TAAYVNAIEK,18.77,19.29,,19.03,0.19,15078939
9/28/11 6:39,TAAYVNAIEK,18.66,19.21,,18.89,0.19,13078115
9/28/11 18:44,TAAYVNAIEK,18.63,19.15,,18.86,0.18,14058698
9/28/11 20:15,TAAYVNAIEK,18.51,19.06,,18.77,0.19,14112184
9/28/11 21:45,TAAYVNAIEK,18.72,19.23,,18.95,0.19,14511279
9/29/11 9:15,TAAYVNAIEK,18.77,19.29,,19,0.18,13803443
9/29/11 19:13,TAAYVNAIEK,18.51,19.06,,18.77,0.19,14112184
9/19/11 13:14,GFCGLSQPK,19.9,20.53,,20.18,0.23,13511653
9/19/11 14:45,GFCGLSQPK,19.87,20.56,,20.21,0.24,12343345
9/19/11 16:15,GFCGLSQPK,19.87,20.53,,20.16,0.24,13918548
9/19/11 17:46,GFCGLSQPK,19.87,20.53,,20.18,0.24,12670380
9/19/11 19:16,GFCGLSQPK,19.87,20.53,,20.18,0.24,12354144
9/19/11 20:47,GFCGLSQPK,19.95,20.62,,20.27,0.25,11831322
9/19/11 22:18,GFCGLSQPK,19.98,20.64,,20.3,0.24,14190130
9/19/11 23:48,GFCGLSQPK,20.01,20.67,,20.33,0.23,12795981
9/20/11 1:19,GFCGLSQPK,20.04,20.7,,20.36,0.24,13881678
9/20/11 16:26,GFCGLSQPK,19.87,20.53,,20.21,0.24,16065849
9/20/11 17:57,GFCGLSQPK,19.84,20.5,,20.16,0.23,14384179
9/20/11 19:28,GFCGLSQPK,19.9,20.56,,20.21,0.24,14777372
9/21/11 3:02,GFCGLSQPK,20.01,20.64,,20.3,0.23,15537293
9/21/11 15:07,GFCGLSQPK,19.92,20.59,,20.24,0.24,12365088
9/21/11 16:37,GFCGLSQPK,19.84,20.53,,20.16,0.24,12025969
9/21/11 18:08,GFCGLSQPK,19.87,20.53,,20.18,0.22,13165036
9/22/11 5:37,GFCGLSQPK,19.95,20.67,,20.3,0.24,12540602
9/22/11 15:37,GFCGLSQPK,20.04,20.7,,20.33,0.24,12401450
9/23/11 1:35,GFCGLSQPK,20.16,20.76,,20.44,0.23,11406219
9/23/11 3:05,GFCGLSQPK,20.18,20.88,,20.5,0.23,11342306
9/23/11 4:36,GFCGLSQPK,20.1,20.76,,20.41,0.23,12117833
9/23/11 12:09,GFCGLSQPK,20.1,20.76,,20.39,0.24,12050439
9/24/11 0:15,GFCGLSQPK,20.18,20.82,,20.47,0.25,11140829
9/24/11 1:46,GFCGLSQPK,20.18,20.82,,20.47,0.23,11425248
9/24/11 3:16,GFCGLSQPK,20.07,20.73,,20.41,0.24,12604454
9/24/11 14:47,GFCGLSQPK,20.01,20.67,,20.3,0.23,11239238
9/25/11 1:03,GFCGLSQPK,19.9,20.59,,20.21,0.24,11970155
9/25/11 11:02,GFCGLSQPK,19.81,20.5,,20.16,0.23,11223780
9/25/11 12:33,GFCGLSQPK,19.95,20.62,,20.24,0.24,11241448
9/25/11 14:03,GFCGLSQPK,20.16,20.82,,20.47,0.24,13292503
9/25/11 21:37,GFCGLSQPK,20.01,20.64,,20.33,0.25,12218146
9/26/11 9:42,GFCGLSQPK,20.04,20.7,,20.36,0.23,10650265
9/26/11 11:13,GFCGLSQPK,19.9,20.56,,20.18,0.24,11056073
9/26/11 12:43,GFCGLSQPK,20.07,20.73,,20.36,0.23,11778354
9/27/11 0:12,GFCGLSQPK,19.95,20.64,,20.27,0.26,10949925
9/27/11 10:10,GFCGLSQPK,20.07,20.73,,20.39,0.25,15387767
9/27/11 20:05,GFCGLSQPK,20.07,20.73,,20.39,0.23,10586422
9/27/11 21:36,GFCGLSQPK,20.07,20.76,,20.39,0.24,11421699
9/27/11 23:06,GFCGLSQPK,20.07,20.73,,20.39,0.23,10802818
9/28/11 6:39,GFCGLSQPK,19.98,20.64,,20.27,0.25,9090039
9/28/11 18:44,GFCGLSQPK,19.92,20.62,,20.27,0.25,9739660
9/28/11 20:15,GFCGLSQPK,19.87,20.53,,20.16,0.24,9747864
9/28/11 21:45,GFCGLSQPK,20.01,20.67,,20.33,0.25,10999008
9/29/11 9:15,GFCGLSQPK,20.07,20.76,,20.41,0.23,10031835
9/29/11 19:13,GFCGLSQPK,19.87,20.53,,20.16,0.24,9747864
9/19/11 13:14,LVNELTEFAK,28.33,29.17,,28.68,0.3,40363576
9/19/11 14:45,LVNELTEFAK,28.48,29.31,,28.88,0.3,43190632
9/19/11 16:15,LVNELTEFAK,28.25,29.08,,28.62,0.32,40822232
9/19/11 17:46,LVNELTEFAK,28.25,29.11,,28.62,0.31,43657352
9/19/11 19:16,LVNELTEFAK,28.28,29.11,,28.62,0.29,40067388
9/19/11 20:47,LVNELTEFAK,28.48,29.31,,28.82,0.29,42874936
9/19/11 22:18,LVNELTEFAK,28.56,29.34,,28.91,0.28,45013228
9/19/11 23:48,LVNELTEFAK,28.56,29.4,,28.94,0.28,44163372
9/20/11 1:19,LVNELTEFAK,28.56,29.37,,28.94,0.28,45967696
9/20/11 16:26,LVNELTEFAK,28.25,29.11,,28.62,0.31,46141360
9/20/11 17:57,LVNELTEFAK,28.28,29.11,,28.65,0.3,48161972
9/20/11 19:28,LVNELTEFAK,28.48,29.28,,28.82,0.29,45880828
9/21/11 3:02,LVNELTEFAK,28.53,29.34,,28.88,0.29,47202576
9/21/11 15:07,LVNELTEFAK,28.3,29.17,,28.68,0.3,45937724
9/21/11 16:37,LVNELTEFAK,28.19,29.05,,28.56,0.3,48259556
9/21/11 18:08,LVNELTEFAK,28.36,29.23,,28.71,0.31,45065240
9/22/11 5:37,LVNELTEFAK,28.48,29.31,,28.85,0.29,48351600
9/22/11 15:37,LVNELTEFAK,28.3,29.11,,28.65,0.3,46933792
9/23/11 1:35,LVNELTEFAK,28.53,29.34,,28.88,0.28,43224764
9/23/11 3:05,LVNELTEFAK,28.53,29.34,,28.88,0.28,41909456
9/23/11 4:36,LVNELTEFAK,28.48,29.28,,28.82,0.29,42780724
9/23/11 12:09,LVNELTEFAK,28.42,29.23,,28.74,0.29,42252344
9/24/11 0:15,LVNELTEFAK,28.51,29.31,,28.88,0.26,34139080
9/24/11 1:46,LVNELTEFAK,28.51,29.31,,28.85,0.29,41328748
9/24/11 3:16,LVNELTEFAK,28.42,29.25,,28.76,0.3,43869272
9/24/11 14:47,LVNELTEFAK,28.53,29.4,,28.88,0.31,39852424
9/25/11 1:03,LVNELTEFAK,28.36,29.2,,28.71,0.29,39490736
9/25/11 11:02,LVNELTEFAK,28.36,29.2,,28.74,0.3,38696400
9/25/11 12:33,LVNELTEFAK,28.3,29.14,,28.68,0.3,39268380
9/25/11 14:03,LVNELTEFAK,28.51,29.37,,28.85,0.29,42755340
9/25/11 21:37,LVNELTEFAK,28.3,29.14,,28.65,0.3,42633888
9/26/11 9:42,LVNELTEFAK,28.39,29.23,,28.74,0.3,39866336
9/26/11 11:13,LVNELTEFAK,28.28,29.08,,28.62,0.29,39312420
9/26/11 12:43,LVNELTEFAK,28.39,29.2,,28.74,0.28,38232480
9/27/11 0:12,LVNELTEFAK,28.36,29.2,,28.71,0.3,39055440
9/27/11 10:10,LVNELTEFAK,28.39,29.17,,28.74,0.27,43548408
9/27/11 20:05,LVNELTEFAK,28.39,29.23,,28.76,0.3,37275480
9/27/11 21:36,LVNELTEFAK,28.42,29.28,,28.79,0.29,38629384
9/27/11 23:06,LVNELTEFAK,28.33,29.17,,28.71,0.31,37940116
9/28/11 6:39,LVNELTEFAK,28.25,29.11,,28.59,0.3,36746184
9/28/11 18:44,LVNELTEFAK,28.33,29.17,,28.71,0.3,37946336
9/28/11 20:15,LVNELTEFAK,28.25,29.05,,28.62,0.3,36705236
9/28/11 21:45,LVNELTEFAK,28.28,29.08,,28.62,0.29,40302616
9/29/11 9:15,LVNELTEFAK,28.39,29.23,,28.74,0.29,37338612
9/29/11 19:13,LVNELTEFAK,28.25,29.05,,28.62,0.3,36705236
9/19/11 13:14,CAVVDVPFGGAK,28.33,29.2,,28.71,0.32,49242744
9/19/11 14:45,CAVVDVPFGGAK,28.45,29.31,,28.82,0.3,53316212
9/19/11 16:15,CAVVDVPFGGAK,28.19,29.08,,28.59,0.32,50248552
9/19/11 17:46,CAVVDVPFGGAK,28.19,29.11,,28.59,0.32,53865896
9/19/11 19:16,CAVVDVPFGGAK,28.28,29.14,,28.62,0.31,49522952
9/19/11 20:47,CAVVDVPFGGAK,28.48,29.37,,28.88,0.31,52744208
9/19/11 22:18,CAVVDVPFGGAK,28.56,29.43,,28.94,0.31,55682864
9/19/11 23:48,CAVVDVPFGGAK,28.59,29.46,,28.97,0.31,54087272
9/20/11 1:19,CAVVDVPFGGAK,28.59,29.46,,28.97,0.31,55412556
9/20/11 16:26,CAVVDVPFGGAK,28.22,29.11,,28.59,0.33,57255724
9/20/11 17:57,CAVVDVPFGGAK,28.22,29.11,,28.62,0.31,59493864
9/20/11 19:28,CAVVDVPFGGAK,28.45,29.34,,28.85,0.31,57221276
9/21/11 3:02,CAVVDVPFGGAK,28.56,29.43,,28.97,0.32,57336808
9/21/11 15:07,CAVVDVPFGGAK,28.28,29.2,,28.65,0.32,56001296
9/21/11 16:37,CAVVDVPFGGAK,28.16,29.05,,28.59,0.31,58529760
9/21/11 18:08,CAVVDVPFGGAK,28.36,29.23,,28.74,0.32,53813416
9/22/11 5:37,CAVVDVPFGGAK,28.45,29.37,,28.88,0.31,59258344
9/22/11 15:37,CAVVDVPFGGAK,28.28,29.14,,28.68,0.32,57026376
9/23/11 1:35,CAVVDVPFGGAK,28.56,29.43,,28.97,0.31,52837208
9/23/11 3:05,CAVVDVPFGGAK,28.56,29.43,,28.94,0.32,52615028
9/23/11 4:36,CAVVDVPFGGAK,28.51,29.37,,28.91,0.31,52164624
9/23/11 12:09,CAVVDVPFGGAK,28.39,29.28,,28.76,0.31,51825692
9/24/11 0:15,CAVVDVPFGGAK,28.51,29.37,,28.91,0.23,41090540
9/24/11 1:46,CAVVDVPFGGAK,28.53,29.43,,28.94,0.32,50729652
9/24/11 3:16,CAVVDVPFGGAK,28.42,29.31,,28.79,0.33,54408544
9/24/11 14:47,CAVVDVPFGGAK,28.51,29.4,,28.94,0.32,49490488
9/25/11 1:03,CAVVDVPFGGAK,28.33,29.23,,28.74,0.32,49279024
9/25/11 11:02,CAVVDVPFGGAK,28.33,29.23,,28.74,0.32,48145048
9/25/11 12:33,CAVVDVPFGGAK,28.3,29.17,,28.68,0.3,48558064
9/25/11 14:03,CAVVDVPFGGAK,28.53,29.43,,28.94,0.31,52650696
9/25/11 21:37,CAVVDVPFGGAK,28.3,29.17,,28.71,0.32,53189988
9/26/11 9:42,CAVVDVPFGGAK,28.36,29.28,,28.76,0.32,49377368
9/26/11 11:13,CAVVDVPFGGAK,28.28,29.17,,28.68,0.31,48503924
9/26/11 12:43,CAVVDVPFGGAK,28.45,29.31,,28.79,0.31,47591744
9/27/11 0:12,CAVVDVPFGGAK,28.3,29.2,,28.71,0.31,49079208
9/27/11 10:10,CAVVDVPFGGAK,28.39,29.25,,28.76,0.31,55474500
9/27/11 20:05,CAVVDVPFGGAK,28.36,29.28,,28.74,0.32,46940704
9/27/11 21:36,CAVVDVPFGGAK,28.42,29.31,,28.82,0.32,48237704
9/27/11 23:06,CAVVDVPFGGAK,28.3,29.2,,28.74,0.32,50105088
9/28/11 6:39,CAVVDVPFGGAK,28.22,29.11,,28.62,0.32,47395172
9/28/11 18:44,CAVVDVPFGGAK,28.28,29.2,,28.71,0.32,48542608
9/28/11 20:15,CAVVDVPFGGAK,28.25,29.14,,28.65,0.33,47387812
9/28/11 21:45,CAVVDVPFGGAK,28.25,29.14,,28.68,0.31,51877956
9/29/11 9:15,CAVVDVPFGGAK,28.39,29.31,,28.79,0.32,48570416
9/29/11 19:13,CAVVDVPFGGAK,28.25,29.14,,28.65,0.33,47387812
9/19/11 13:14,VGPLLACLLGR,44.43,45.38,,44.83,0.32,12932612
9/19/11 14:45,VGPLLACLLGR,44.4,45.41,,44.86,0.34,12676495
9/19/11 16:15,VGPLLACLLGR,44.37,45.35,,44.86,0.35,17017482
9/19/11 17:46,VGPLLACLLGR,44.37,45.38,,44.95,0.41,9026942
9/19/11 19:16,VGPLLACLLGR,44.4,45.35,,44.83,0.33,10903818
9/19/11 20:47,VGPLLACLLGR,44.54,45.46,,44.98,0.32,12963137
9/19/11 22:18,VGPLLACLLGR,44.49,45.46,,44.95,0.33,16156410
9/19/11 23:48,VGPLLACLLGR,44.54,45.49,,45.03,0.34,15646699
9/20/11 1:19,VGPLLACLLGR,44.51,45.44,,45,0.33,15251151
9/20/11 16:26,VGPLLACLLGR,44.49,45.38,,45.03,0.22,5170961
9/20/11 17:57,VGPLLACLLGR,44.37,45.35,,44.8,0.33,13560157
9/20/11 19:28,VGPLLACLLGR,44.46,45.46,,44.92,0.34,14003584
9/21/11 3:02,VGPLLACLLGR,44.57,45.52,,45.03,0.34,18325534
9/21/11 15:07,VGPLLACLLGR,44.43,45.55,,44.89,0.3,5945211
9/21/11 16:37,VGPLLACLLGR,44.37,45.35,,44.83,0.34,19595658
9/21/11 18:08,VGPLLACLLGR,44.49,45.41,,44.92,0.34,18806864
9/22/11 5:37,VGPLLACLLGR,44.57,45.52,,45.06,0.35,18246826
9/22/11 15:37,VGPLLACLLGR,44.57,45.55,,45,0.33,17973358
9/23/11 1:35,VGPLLACLLGR,44.77,45.72,,45.26,0.32,18271102
9/23/11 3:05,VGPLLACLLGR,44.8,46.1,,45.21,0.36,16449821
9/23/11 4:36,VGPLLACLLGR,44.77,45.7,,45.18,0.34,18293020
9/23/11 12:09,VGPLLACLLGR,44.6,45.55,,45.06,0.31,12821239
9/24/11 0:15,VGPLLACLLGR,44.69,45.67,,45.18,0.37,18844424
9/24/11 1:46,VGPLLACLLGR,44.72,45.67,,45.15,0.33,19422164
9/24/11 3:16,VGPLLACLLGR,44.57,45.52,,44.95,0.32,7484270
9/24/11 14:47,VGPLLACLLGR,44.54,45.49,,45,0.3,18325056
9/25/11 1:03,VGPLLACLLGR,44.37,45.29,,44.86,0.32,16771666
9/25/11 11:02,VGPLLACLLGR,44.43,45.41,,44.89,0.34,16148787
9/25/11 12:33,VGPLLACLLGR,44.49,45.46,,44.95,0.35,16673945
9/25/11 14:03,VGPLLACLLGR,44.72,45.7,,45.21,0.34,16748039
9/25/11 21:37,VGPLLACLLGR,44.51,45.49,,44.98,0.34,15895894
9/26/11 9:42,VGPLLACLLGR,44.46,45.41,,44.92,0.34,16809598
9/26/11 11:13,VGPLLACLLGR,44.46,45.41,,44.92,0.34,16885026
9/26/11 12:43,VGPLLACLLGR,44.6,45.58,,45.06,0.34,18747026
9/27/11 0:12,VGPLLACLLGR,44.49,45.46,,44.92,0.34,17830640
9/27/11 10:10,VGPLLACLLGR,44.43,45.41,,44.89,0.36,19913622
9/27/11 20:05,VGPLLACLLGR,44.49,45.44,,44.92,0.3,18286132
9/27/11 21:36,VGPLLACLLGR,44.49,45.49,,45,0.34,19219338
9/27/11 23:06,VGPLLACLLGR,44.28,45.23,,44.74,0.29,4693060
9/28/11 6:39,VGPLLACLLGR,44.14,45.06,,44.72,0.31,7855591
9/28/11 18:44,VGPLLACLLGR,44.26,45.32,,44.74,0.38,17421792
9/28/11 20:15,VGPLLACLLGR,44.28,45.26,,44.74,0.33,17186572
9/28/11 21:45,VGPLLACLLGR,44.14,44.95,,44.54,0.37,17341754
9/29/11 9:15,VGPLLACLLGR,44.28,45.29,,44.77,0.36,18684972
9/29/11 19:13,VGPLLACLLGR,44.28,45.26,,44.74,0.33,17186572
9/19/11 13:14,FFVAPFPEVFGK,46.5,47.39,,46.88,0.34,45602760
9/19/11 14:45,FFVAPFPEVFGK,46.47,47.37,,46.93,0.27,35566560
9/19/11 16:15,FFVAPFPEVFGK,46.47,47.42,,46.88,0.35,75932680
9/19/11 17:46,FFVAPFPEVFGK,46.53,47.39,,46.93,0.35,42728132
9/19/11 19:16,FFVAPFPEVFGK,46.5,47.48,,46.9,0.33,45227956
9/19/11 20:47,FFVAPFPEVFGK,46.67,47.6,,47.02,0.31,47571544
9/19/11 22:18,FFVAPFPEVFGK,46.67,47.6,,47.05,0.31,50785204
9/19/11 23:48,FFVAPFPEVFGK,46.7,47.65,,47.11,0.35,75423552
9/20/11 1:19,FFVAPFPEVFGK,46.67,47.62,,47.05,0.35,73847400
9/20/11 16:26,FFVAPFPEVFGK,46.53,47.42,,46.96,0.25,47423436
9/20/11 17:57,FFVAPFPEVFGK,46.44,47.48,,46.88,0.34,69410504
9/20/11 19:28,FFVAPFPEVFGK,46.65,47.62,,46.99,0.36,70255936
9/21/11 3:02,FFVAPFPEVFGK,46.65,47.57,,47.02,0.35,80757984
9/21/11 15:07,FFVAPFPEVFGK,46.5,47.51,,46.93,0.37,47260480
9/21/11 16:37,FFVAPFPEVFGK,46.47,47.42,,46.93,0.35,39373060
9/21/11 18:08,FFVAPFPEVFGK,46.59,47.48,,46.99,0.32,32859368
9/22/11 5:37,FFVAPFPEVFGK,46.73,47.54,,46.93,0.12,43599904
9/22/11 15:37,FFVAPFPEVFGK,46.62,47.51,,46.96,0.34,73333680
9/23/11 1:35,FFVAPFPEVFGK,46.9,47.8,,47.25,0.32,76762160
9/23/11 3:05,FFVAPFPEVFGK,46.85,47.62,,47.19,0.24,42682680
9/23/11 4:36,FFVAPFPEVFGK,46.82,47.74,,47.25,0.3,71248608
9/23/11 12:09,FFVAPFPEVFGK,46.67,47.65,,47.08,0.34,56699476
9/24/11 0:15,FFVAPFPEVFGK,46.79,47.71,,47.16,0.33,63796324
9/24/11 1:46,FFVAPFPEVFGK,46.76,47.71,,47.13,0.34,71346672
9/24/11 3:16,FFVAPFPEVFGK,46.65,47.6,,47.05,0.33,47421712
9/24/11 14:47,FFVAPFPEVFGK,46.59,47.54,,46.99,0.35,70973552
9/25/11 1:03,FFVAPFPEVFGK,46.41,47.37,,46.85,0.37,68644464
9/25/11 11:02,FFVAPFPEVFGK,46.53,47.48,,46.93,0.34,67139888
9/25/11 12:33,FFVAPFPEVFGK,46.56,47.51,,46.96,0.34,67550632
9/25/11 14:03,FFVAPFPEVFGK,46.79,47.74,,47.16,0.35,71082264
9/25/11 21:37,FFVAPFPEVFGK,46.56,47.42,,46.93,0.33,70535776
9/26/11 9:42,FFVAPFPEVFGK,46.47,47.42,,46.88,0.34,70486664
9/26/11 11:13,FFVAPFPEVFGK,46.5,47.45,,46.9,0.36,69651080
9/26/11 12:43,FFVAPFPEVFGK,46.67,47.6,,47.05,0.34,72288080
9/27/11 0:12,FFVAPFPEVFGK,46.53,47.39,,46.85,0.17,78471160
9/27/11 10:10,FFVAPFPEVFGK,46.33,47.65,,46.99,0.37,50479840
9/27/11 20:05,FFVAPFPEVFGK,46.53,47.51,,46.9,0.36,83416896
9/27/11 21:36,FFVAPFPEVFGK,46.53,47.48,,46.9,0.34,84028200
9/27/11 23:06,FFVAPFPEVFGK,46.24,47.22,,46.56,0.36,20989790
9/28/11 6:39,FFVAPFPEVFGK,46.1,47.13,,46.53,0.29,28105220
9/28/11 18:44,FFVAPFPEVFGK,46.36,47.34,,46.76,0.35,84887984
9/28/11 20:15,FFVAPFPEVFGK,46.3,47.25,,46.7,0.35,79135544
9/28/11 21:45,FFVAPFPEVFGK,46.13,47.13,,46.53,0.35,51411076
9/29/11 9:15,FFVAPFPEVFGK,46.33,47.37,,46.67,0.33,89583888
9/29/11 19:13,FFVAPFPEVFGK,46.3,47.25,,46.7,0.35,79135544