Acquired Time,Precursor,MinStartTime,MaxEndTime,Annotations,BestRetentionTime ,TotalArea,MaxFWHM
9/19/11 13:14,VLVLDTDYK,24.3,25.08,,24.62,116034248,0.29
9/19/11 14:45,VLVLDTDYK,24.36,25.17,,24.7,127339240,0.31
9/19/11 16:15,VLVLDTDYK,24.19,24.96,,24.53,110745576,0.31
9/19/11 17:46,VLVLDTDYK,24.22,25.02,,24.59,130619640,0.31
9/19/11 19:16,VLVLDTDYK,24.27,25.05,,24.62,113469472,0.3
9/19/11 20:47,VLVLDTDYK,24.42,25.22,,24.76,120836432,0.3
9/19/11 22:18,VLVLDTDYK,24.45,25.25,,24.79,130383616,0.3
9/19/11 23:48,VLVLDTDYK,24.5,25.28,,24.85,122144608,0.3
9/20/11 1:19,VLVLDTDYK,24.47,25.28,,24.82,126206200,0.29
9/20/11 16:26,VLVLDTDYK,24.24,25.02,,24.53,132010632,0.31
9/20/11 17:57,VLVLDTDYK,24.19,24.96,,24.53,133893448,0.31
9/20/11 19:28,VLVLDTDYK,24.36,25.17,,24.7,124086984,0.3
9/21/11 3:02,VLVLDTDYK,24.47,25.28,,24.85,128337680,0.3
9/21/11 15:07,VLVLDTDYK,24.27,25.05,,24.62,117667432,0.3
9/21/11 16:37,VLVLDTDYK,24.19,24.96,,24.53,121610568,0.29
9/21/11 18:08,VLVLDTDYK,24.3,25.08,,24.65,124035496,0.29
9/22/11 5:37,VLVLDTDYK,24.36,25.14,,24.7,123694048,0.3
9/22/11 15:37,VLVLDTDYK,24.33,25.11,,24.65,117995552,0.29
9/23/11 1:35,VLVLDTDYK,24.56,25.34,,24.88,113882032,0.3
9/23/11 3:05,VLVLDTDYK,24.59,25.37,,24.91,112369192,0.3
9/23/11 4:36,VLVLDTDYK,24.5,25.28,,24.82,108572992,0.29
9/23/11 12:09,VLVLDTDYK,24.65,25.28,,24.94,17096,0.3
9/24/11 0:15,VLVLDTDYK,24.39,25.17,,24.73,114232536,0.29
9/24/11 1:46,VLVLDTDYK,24.5,25.28,,24.85,110165896,0.28
9/24/11 3:16,VLVLDTDYK,24.56,25.31,,24.88,119396328,0.27
9/24/11 14:47,VLVLDTDYK,24.42,25.17,,24.73,121705136,0.3
9/25/11 1:03,VLVLDTDYK,24.42,25.22,,24.76,106307968,0.3
9/25/11 11:02,VLVLDTDYK,24.27,25.08,,24.65,107107792,0.3
9/25/11 12:33,VLVLDTDYK,24.24,25.02,,24.59,104155072,0.3
9/25/11 14:03,VLVLDTDYK,24.33,25.11,,24.65,107286680,0.29
9/25/11 21:37,VLVLDTDYK,24.53,25.31,,24.85,118212120,0.3
9/26/11 9:42,VLVLDTDYK,24.3,25.11,,24.68,116528872,0.3
9/26/11 11:13,VLVLDTDYK,24.36,25.14,,24.68,110364800,0.3
9/26/11 12:43,VLVLDTDYK,24.27,25.08,,24.62,105226112,0.29
9/27/11 0:12,VLVLDTDYK,24.42,25.19,,24.76,112290400,0.29
9/27/11 10:10,VLVLDTDYK,24.27,25.05,,24.62,105977904,0.29
9/27/11 20:05,VLVLDTDYK,24.36,25.17,,24.7,124188336,0.3
9/27/11 21:36,VLVLDTDYK,24.39,25.22,,24.76,101415736,0.32
9/27/11 23:06,VLVLDTDYK,24.36,25.17,,24.76,101154816,0.31
9/28/11 6:39,VLVLDTDYK,24.3,25.08,,24.65,102023224,0.3
9/28/11 18:44,VLVLDTDYK,24.22,25.02,,24.56,89610200,0.29
9/28/11 20:15,VLVLDTDYK,24.22,24.99,,24.59,93997712,0.3
9/28/11 21:45,VLVLDTDYK,24.1,24.91,,24.47,90727008,0.3
9/29/11 9:15,VLVLDTDYK,24.27,25.08,,24.59,99698832,0.31
9/29/11 19:13,VLVLDTDYK,24.36,25.17,,24.73,91007240,0.29
9/28/11 21:45,VLVLDTDYK,24.1,24.91,,24.47,90727008,0.3
9/19/11 13:14,DGGIDPLVR,22.46,23.21,,22.83,29848742,0.26
9/19/11 14:45,DGGIDPLVR,22.52,23.27,,22.83,30046920,0.27
9/19/11 16:15,DGGIDPLVR,22.37,23.12,,22.72,28826946,0.26
9/19/11 17:46,DGGIDPLVR,22.37,23.12,,22.75,31871090,0.27
9/19/11 19:16,DGGIDPLVR,22.4,23.18,,22.78,29745404,0.28
9/19/11 20:47,DGGIDPLVR,22.57,23.35,,22.98,33090204,0.27
9/19/11 22:18,DGGIDPLVR,22.6,23.35,,22.95,32437554,0.27
9/19/11 23:48,DGGIDPLVR,22.66,23.41,,23.01,32072204,0.26
9/20/11 1:19,DGGIDPLVR,22.66,23.41,,23.03,32815172,0.27
9/20/11 16:26,DGGIDPLVR,22.4,23.15,,22.75,33779368,0.26
9/20/11 17:57,DGGIDPLVR,22.34,23.12,,22.72,34882600,0.29
9/20/11 19:28,DGGIDPLVR,22.52,23.27,,22.86,33084932,0.28
9/21/11 3:02,DGGIDPLVR,22.63,23.41,,22.98,34972104,0.26
9/21/11 15:07,DGGIDPLVR,22.46,23.21,,22.83,27064946,0.28
9/21/11 16:37,DGGIDPLVR,22.37,23.12,,22.75,27699456,0.27
9/21/11 18:08,DGGIDPLVR,22.46,23.24,,22.8,29321740,0.25
9/22/11 5:37,DGGIDPLVR,22.55,23.29,,22.89,28574646,0.28
9/22/11 15:37,DGGIDPLVR,22.55,23.29,,22.92,28624674,0.27
9/23/11 1:35,DGGIDPLVR,22.75,23.5,,23.12,26458728,0.26
9/23/11 3:05,DGGIDPLVR,22.78,23.52,,23.15,25558442,0.26
9/23/11 4:36,DGGIDPLVR,22.69,23.44,,23.06,25948516,0.26
9/23/11 12:09,DGGIDPLVR,22.6,23.38,,22.98,27211380,0.27
9/24/11 0:15,DGGIDPLVR,22.69,23.44,,23.09,25579962,0.28
9/24/11 1:46,DGGIDPLVR,22.72,23.47,,23.09,25740914,0.27
9/24/11 3:16,DGGIDPLVR,22.6,23.35,,22.98,30205978,0.27
9/24/11 14:47,DGGIDPLVR,22.57,23.32,,22.95,24858712,0.27
9/25/11 1:03,DGGIDPLVR,22.43,23.21,,22.8,25741174,0.28
9/25/11 11:02,DGGIDPLVR,22.34,23.15,,22.72,25471416,0.28
9/25/11 12:33,DGGIDPLVR,22.49,23.27,,22.86,25515072,0.26
9/25/11 14:03,DGGIDPLVR,22.72,23.47,,23.06,28085734,0.27
9/25/11 21:37,DGGIDPLVR,22.49,23.27,,22.86,27300512,0.29
9/26/11 9:42,DGGIDPLVR,22.52,23.32,,22.92,23546816,0.27
9/26/11 11:13,DGGIDPLVR,22.4,23.21,,22.8,24573502,0.28
9/26/11 12:43,DGGIDPLVR,22.63,23.38,,23.01,27006744,0.27
9/27/11 0:12,DGGIDPLVR,22.49,23.24,,22.86,23914046,0.27
9/27/11 10:10,DGGIDPLVR,22.55,23.32,,22.92,33827164,0.27
9/27/11 20:05,DGGIDPLVR,22.52,23.29,,22.89,23491120,0.26
9/27/11 21:36,DGGIDPLVR,22.55,23.32,,22.92,24354038,0.27
9/27/11 23:06,DGGIDPLVR,22.52,23.27,,22.89,23178182,0.26
9/28/11 6:39,DGGIDPLVR,22.4,23.18,,22.78,20715094,0.31
9/28/11 18:44,DGGIDPLVR,22.37,23.18,,22.78,21910024,0.29
9/28/11 20:15,DGGIDPLVR,22.34,23.12,,22.72,21361528,0.27
9/28/11 21:45,DGGIDPLVR,22.4,23.21,,22.8,25089674,0.28
9/29/11 9:15,DGGIDPLVR,22.55,23.29,,22.92,21313348,0.28
9/29/11 19:13,DGGIDPLVR,22.34,23.12,,22.72,21361528,0.27
9/19/11 13:14,GFCGLSQPK,19.9,20.53,,20.18,13511653,0.23
9/19/11 14:45,GFCGLSQPK,19.87,20.56,,20.21,12343345,0.24
9/19/11 16:15,GFCGLSQPK,19.87,20.53,,20.16,13918548,0.24
9/19/11 17:46,GFCGLSQPK,19.87,20.53,,20.18,12670380,0.24
9/19/11 19:16,GFCGLSQPK,19.87,20.53,,20.18,12354144,0.24
9/19/11 20:47,GFCGLSQPK,19.95,20.62,,20.27,11831322,0.25
9/19/11 22:18,GFCGLSQPK,19.98,20.64,,20.3,14190130,0.24
9/19/11 23:48,GFCGLSQPK,20.01,20.67,,20.33,12795981,0.23
9/20/11 1:19,GFCGLSQPK,20.04,20.7,,20.36,13881678,0.24
9/20/11 16:26,GFCGLSQPK,19.87,20.53,,20.21,16065849,0.24
9/20/11 17:57,GFCGLSQPK,19.84,20.5,,20.16,14384179,0.23
9/20/11 19:28,GFCGLSQPK,19.9,20.56,,20.21,14777372,0.24
9/21/11 3:02,GFCGLSQPK,20.01,20.64,,20.3,15537293,0.23
9/21/11 15:07,GFCGLSQPK,19.92,20.59,,20.24,12365088,0.24
9/21/11 16:37,GFCGLSQPK,19.84,20.53,,20.16,12025969,0.24
9/21/11 18:08,GFCGLSQPK,19.87,20.53,,20.18,13165036,0.22
9/22/11 5:37,GFCGLSQPK,19.95,20.67,,20.3,12540602,0.24
9/22/11 15:37,GFCGLSQPK,20.04,20.7,,20.33,12401450,0.24
9/23/11 1:35,GFCGLSQPK,20.16,20.76,,20.44,11406219,0.23
9/23/11 3:05,GFCGLSQPK,20.18,20.88,,20.5,11342306,0.23
9/23/11 4:36,GFCGLSQPK,20.1,20.76,,20.41,12117833,0.23
9/23/11 12:09,GFCGLSQPK,20.1,20.76,,20.39,12050439,0.24
9/24/11 0:15,GFCGLSQPK,20.18,20.82,,20.47,11140829,0.25
9/24/11 1:46,GFCGLSQPK,20.18,20.82,,20.47,11425248,0.23
9/24/11 3:16,GFCGLSQPK,20.07,20.73,,20.41,12604454,0.24
9/24/11 14:47,GFCGLSQPK,20.01,20.67,,20.3,11239238,0.23
9/25/11 1:03,GFCGLSQPK,19.9,20.59,,20.21,11970155,0.24
9/25/11 11:02,GFCGLSQPK,19.81,20.5,,20.16,11223780,0.23
9/25/11 12:33,GFCGLSQPK,19.95,20.62,,20.24,11241448,0.24
9/25/11 14:03,GFCGLSQPK,20.16,20.82,,20.47,13292503,0.24
9/25/11 21:37,GFCGLSQPK,20.01,20.64,,20.33,12218146,0.25
9/26/11 9:42,GFCGLSQPK,20.04,20.7,,20.36,10650265,0.23
9/26/11 11:13,GFCGLSQPK,19.9,20.56,,20.18,11056073,0.24
9/26/11 12:43,GFCGLSQPK,20.07,20.73,,20.36,11778354,0.23
9/27/11 0:12,GFCGLSQPK,19.95,20.64,,20.27,10949925,0.26
9/27/11 10:10,GFCGLSQPK,20.07,20.73,,20.39,15387767,0.25
9/27/11 20:05,GFCGLSQPK,20.07,20.73,,20.39,10586422,0.23
9/27/11 21:36,GFCGLSQPK,20.07,20.76,,20.39,11421699,0.24
9/27/11 23:06,GFCGLSQPK,20.07,20.73,,20.39,10802818,0.23
9/28/11 6:39,GFCGLSQPK,19.98,20.64,,20.27,9090039,0.25
9/28/11 18:44,GFCGLSQPK,19.92,20.62,,20.27,9739660,0.25
9/28/11 20:15,GFCGLSQPK,19.87,20.53,,20.16,9747864,0.24
9/28/11 21:45,GFCGLSQPK,20.01,20.67,,20.33,10999008,0.25
9/29/11 9:15,GFCGLSQPK,20.07,20.76,,20.41,10031835,0.23
9/29/11 19:13,GFCGLSQPK,19.87,20.53,,20.16,9747864,0.24
9/19/11 13:14,VGPLLACLLGR,44.43,45.38,,44.83,12932612,0.32
9/19/11 14:45,VGPLLACLLGR,44.4,45.41,,44.86,12676495,0.34
9/19/11 16:15,VGPLLACLLGR,44.37,45.35,,44.86,17017482,0.35
9/19/11 17:46,VGPLLACLLGR,44.37,45.38,,44.95,9026942,0.41
9/19/11 19:16,VGPLLACLLGR,44.4,45.35,,44.83,10903818,0.33
9/19/11 20:47,VGPLLACLLGR,44.54,45.46,,44.98,12963137,0.32
9/19/11 22:18,VGPLLACLLGR,44.49,45.46,,44.95,16156410,0.33
9/19/11 23:48,VGPLLACLLGR,44.54,45.49,,45.03,15646699,0.34
9/20/11 1:19,VGPLLACLLGR,44.51,45.44,,45,15251151,0.33
9/20/11 16:26,VGPLLACLLGR,44.49,45.38,,45.03,5170961,0.22
9/20/11 17:57,VGPLLACLLGR,44.37,45.35,,44.8,13560157,0.33
9/20/11 19:28,VGPLLACLLGR,44.46,45.46,,44.92,14003584,0.34
9/21/11 3:02,VGPLLACLLGR,44.57,45.52,,45.03,18325534,0.34
9/21/11 15:07,VGPLLACLLGR,44.43,45.55,,44.89,5945211,0.3
9/21/11 16:37,VGPLLACLLGR,44.37,45.35,,44.83,19595658,0.34
9/21/11 18:08,VGPLLACLLGR,44.49,45.41,,44.92,18806864,0.34
9/22/11 5:37,VGPLLACLLGR,44.57,45.52,,45.06,18246826,0.35
9/22/11 15:37,VGPLLACLLGR,44.57,45.55,,45,17973358,0.33
9/23/11 1:35,VGPLLACLLGR,44.77,45.72,,45.26,18271102,0.32
9/23/11 3:05,VGPLLACLLGR,44.8,46.1,,45.21,16449821,0.36
9/23/11 4:36,VGPLLACLLGR,44.77,45.7,,45.18,18293020,0.34
9/23/11 12:09,VGPLLACLLGR,44.6,45.55,,45.06,12821239,0.31
9/24/11 0:15,VGPLLACLLGR,44.69,45.67,,45.18,18844424,0.37
9/24/11 1:46,VGPLLACLLGR,44.72,45.67,,45.15,19422164,0.33
9/24/11 3:16,VGPLLACLLGR,44.57,45.52,,44.95,7484270,0.32
9/24/11 14:47,VGPLLACLLGR,44.54,45.49,,45,18325056,0.3
9/25/11 1:03,VGPLLACLLGR,44.37,45.29,,44.86,16771666,0.32
9/25/11 11:02,VGPLLACLLGR,44.43,45.41,,44.89,16148787,0.34
9/25/11 12:33,VGPLLACLLGR,44.49,45.46,,44.95,16673945,0.35
9/25/11 14:03,VGPLLACLLGR,44.72,45.7,,45.21,16748039,0.34
9/25/11 21:37,VGPLLACLLGR,44.51,45.49,,44.98,15895894,0.34
9/26/11 9:42,VGPLLACLLGR,44.46,45.41,,44.92,16809598,0.34
9/26/11 11:13,VGPLLACLLGR,44.46,45.41,,44.92,16885026,0.34
9/26/11 12:43,VGPLLACLLGR,44.6,45.58,,45.06,18747026,0.34
9/27/11 0:12,VGPLLACLLGR,44.49,45.46,,44.92,17830640,0.34
9/27/11 10:10,VGPLLACLLGR,44.43,45.41,,44.89,19913622,0.36
9/27/11 20:05,VGPLLACLLGR,44.49,45.44,,44.92,18286132,0.3
9/27/11 21:36,VGPLLACLLGR,44.49,45.49,,45,19219338,0.34
9/27/11 23:06,VGPLLACLLGR,44.28,45.23,,44.74,4693060,0.29
9/28/11 6:39,VGPLLACLLGR,44.14,45.06,,44.72,7855591,0.31
9/28/11 18:44,VGPLLACLLGR,44.26,45.32,,44.74,17421792,0.38
9/28/11 20:15,VGPLLACLLGR,44.28,45.26,,44.74,17186572,0.33
9/28/11 21:45,VGPLLACLLGR,44.14,44.95,,44.54,17341754,0.37
9/29/11 9:15,VGPLLACLLGR,44.28,45.29,,44.77,18684972,0.36
9/29/11 19:13,VGPLLACLLGR,44.28,45.26,,44.74,17186572,0.33
9/19/11 13:14,VLDALDSIK,25.68,26.55,,26.06,92635128,0.32
9/19/11 14:45,VLDALDSIK,25.77,26.69,,26.17,106719360,0.34
9/19/11 16:15,VLDALDSIK,25.57,26.46,,25.97,94026904,0.32
9/19/11 17:46,VLDALDSIK,25.6,26.46,,25.97,104814840,0.32
9/19/11 19:16,VLDALDSIK,25.63,26.49,,26,103366200,0.32
9/19/11 20:47,VLDALDSIK,25.83,26.72,,26.26,110789328,0.33
9/19/11 22:18,VLDALDSIK,25.89,26.75,,26.26,110077192,0.34
9/19/11 23:48,VLDALDSIK,25.91,26.78,,26.29,106313576,0.32
9/20/11 1:19,VLDALDSIK,25.91,26.78,,26.29,109422752,0.33
9/20/11 16:26,VLDALDSIK,25.6,26.49,,26,116613408,0.33
9/20/11 17:57,VLDALDSIK,25.57,26.46,,25.97,114428216,0.34
9/20/11 19:28,VLDALDSIK,25.8,26.69,,26.2,110902480,0.34
9/21/11 3:02,VLDALDSIK,25.91,26.78,,26.29,113318608,0.33
9/21/11 15:07,VLDALDSIK,25.65,26.52,,26.03,103102928,0.34
9/21/11 16:37,VLDALDSIK,25.54,26.46,,25.94,105340496,0.33
9/21/11 18:08,VLDALDSIK,25.68,26.58,,26.09,108161336,0.33
9/22/11 5:37,VLDALDSIK,25.74,26.66,,26.17,107697640,0.34
9/22/11 15:37,VLDALDSIK,25.68,26.55,,26.09,105283144,0.33
9/23/11 1:35,VLDALDSIK,25.94,26.78,,26.32,99372984,0.32
9/23/11 3:05,VLDALDSIK,25.94,26.81,,26.35,97776704,0.32
9/23/11 4:36,VLDALDSIK,25.86,26.75,,26.26,103575424,0.33
9/23/11 12:09,VLDALDSIK,25.77,26.66,,26.17,100293248,0.33
9/24/11 0:15,VLDALDSIK,25.89,26.75,,26.26,92191792,0.31
9/24/11 1:46,VLDALDSIK,25.89,26.78,,26.29,98454280,0.32
9/24/11 3:16,VLDALDSIK,25.77,26.63,,26.14,103911288,0.33
9/24/11 14:47,VLDALDSIK,25.83,26.72,,26.23,97569344,0.34
9/25/11 1:03,VLDALDSIK,25.68,26.55,,26.06,95908608,0.33
9/25/11 11:02,VLDALDSIK,25.63,26.52,,26.03,94607800,0.34
9/25/11 12:33,VLDALDSIK,25.68,26.55,,26.03,93581584,0.33
9/25/11 14:03,VLDALDSIK,25.89,26.78,,26.32,104721512,0.33
9/25/11 21:37,VLDALDSIK,25.65,26.55,,26.03,101839200,0.34
9/26/11 9:42,VLDALDSIK,25.68,26.58,,26.12,95659384,0.32
9/26/11 11:13,VLDALDSIK,25.65,26.52,,26.06,93910528,0.32
9/26/11 12:43,VLDALDSIK,25.8,26.66,,26.17,100441776,0.32
9/27/11 0:12,VLDALDSIK,25.57,26.55,,26.03,96219904,0.35
9/27/11 10:10,VLDALDSIK,25.68,26.52,,26.06,109971264,0.33
9/27/11 20:05,VLDALDSIK,25.77,26.63,,26.17,91463656,0.31
9/27/11 21:36,VLDALDSIK,25.74,26.63,,26.14,91764592,0.33
9/27/11 23:06,VLDALDSIK,25.63,26.55,,26.03,96162440,0.33
9/28/11 6:39,VLDALDSIK,25.57,26.46,,25.97,83011008,0.33
9/28/11 18:44,VLDALDSIK,25.57,26.49,,26,87121784,0.33
9/28/11 20:15,VLDALDSIK,25.51,26.52,,26,81892080,0.37
9/28/11 21:45,VLDALDSIK,25.65,26.52,,26,94019904,0.33
9/29/11 9:15,VLDALDSIK,25.71,26.61,,26.12,89711104,0.33
9/29/11 19:13,VLDALDSIK,25.51,26.52,,26,81892080,0.37
9/19/11 13:14,YSTDVSVDEVK,18.92,19.38,,19.15,21851572,0.18
9/19/11 14:45,YSTDVSVDEVK,18.89,19.38,,19.12,21101500,0.17
9/19/11 16:15,YSTDVSVDEVK,18.89,19.38,,19.09,21250248,0.17
9/19/11 17:46,YSTDVSVDEVK,18.89,19.38,,19.12,21811052,0.18
9/19/11 19:16,YSTDVSVDEVK,18.89,19.38,,19.12,20517460,0.17
9/19/11 20:47,YSTDVSVDEVK,18.97,19.46,,19.21,20241130,0.17
9/19/11 22:18,YSTDVSVDEVK,19,19.49,,19.23,22472950,0.18
9/19/11 23:48,YSTDVSVDEVK,19,19.49,,19.23,19460264,0.17
9/20/11 1:19,YSTDVSVDEVK,19.03,19.55,,19.26,22010022,0.18
9/20/11 16:26,YSTDVSVDEVK,18.89,19.41,,19.12,24260326,0.17
9/20/11 17:57,YSTDVSVDEVK,18.86,19.35,,19.06,22778116,0.17
9/20/11 19:28,YSTDVSVDEVK,18.92,19.38,,19.12,22801776,0.17
9/21/11 3:02,YSTDVSVDEVK,19.03,19.52,,19.26,22765222,0.17
9/21/11 15:07,YSTDVSVDEVK,18.92,19.44,,19.18,18550682,0.18
9/21/11 16:37,YSTDVSVDEVK,18.86,19.35,,19.09,17816968,0.18
9/21/11 18:08,YSTDVSVDEVK,18.89,19.41,,19.15,17332828,0.18
9/22/11 5:37,YSTDVSVDEVK,18.97,19.49,,19.21,18895580,0.18
9/22/11 15:37,YSTDVSVDEVK,19.03,19.55,,19.29,18061934,0.17
9/23/11 1:35,YSTDVSVDEVK,19.15,19.64,,19.38,17613008,0.18
9/23/11 3:05,YSTDVSVDEVK,19.21,19.69,,19.44,17415972,0.17
9/23/11 4:36,YSTDVSVDEVK,19.09,19.64,,19.35,17986750,0.17
9/23/11 12:09,YSTDVSVDEVK,19.12,19.61,,19.32,17054306,0.17
9/24/11 0:15,YSTDVSVDEVK,19.21,19.69,,19.44,16695092,0.17
9/24/11 1:46,YSTDVSVDEVK,19.21,19.69,,19.44,17043606,0.17
9/24/11 3:16,YSTDVSVDEVK,19.12,19.61,,19.32,18539452,0.17
9/24/11 14:47,YSTDVSVDEVK,19,19.52,,19.23,17026164,0.18
9/25/11 1:03,YSTDVSVDEVK,18.89,19.38,,19.12,17919724,0.17
9/25/11 11:02,YSTDVSVDEVK,18.86,19.35,,19.09,16762766,0.17
9/25/11 12:33,YSTDVSVDEVK,18.95,19.46,,19.18,16841998,0.18
9/25/11 14:03,YSTDVSVDEVK,19.18,19.67,,19.41,19821326,0.17
9/25/11 21:37,YSTDVSVDEVK,19.03,19.55,,19.26,17722586,0.16
9/26/11 9:42,YSTDVSVDEVK,19.03,19.55,,19.26,16787834,0.17
9/26/11 11:13,YSTDVSVDEVK,18.92,19.44,,19.18,16622039,0.17
9/26/11 12:43,YSTDVSVDEVK,19.09,19.58,,19.32,17917742,0.17
9/27/11 0:12,YSTDVSVDEVK,18.97,19.49,,19.21,16295414,0.17
9/27/11 10:10,YSTDVSVDEVK,19.09,19.61,,19.32,22306548,0.17
9/27/11 20:05,YSTDVSVDEVK,19.09,19.58,,19.32,16584431,0.17
9/27/11 21:36,YSTDVSVDEVK,19.12,19.61,,19.35,15530478,0.17
9/27/11 23:06,YSTDVSVDEVK,19.09,19.61,,19.35,16708505,0.17
9/28/11 6:39,YSTDVSVDEVK,18.97,19.49,,19.21,15208408,0.18
9/28/11 18:44,YSTDVSVDEVK,18.95,19.46,,19.18,15515972,0.18
9/28/11 20:15,YSTDVSVDEVK,18.86,19.38,,19.09,15603782,0.17
9/28/11 21:45,YSTDVSVDEVK,19.03,19.55,,19.26,16038252,0.17
9/29/11 9:15,YSTDVSVDEVK,19.09,19.61,,19.32,15825209,0.17
9/29/11 19:13,YSTDVSVDEVK,18.86,19.38,,19.09,15603782,0.17
9/19/11 13:14,DDGSWEVIEGYR,31.82,32.74,,32.22,9549161,0.31
9/19/11 14:45,DDGSWEVIEGYR,31.9,32.82,,32.36,9374093,0.31
9/19/11 16:15,DDGSWEVIEGYR,31.73,32.8,,32.22,8914831,0.31
9/19/11 17:46,DDGSWEVIEGYR,31.82,32.74,,32.25,9266010,0.31
9/19/11 19:16,DDGSWEVIEGYR,31.76,32.71,,32.19,9231106,0.32
9/19/11 20:47,DDGSWEVIEGYR,31.93,32.8,,32.36,8999456,0.32
9/19/11 22:18,DDGSWEVIEGYR,31.99,32.94,,32.36,9278970,0.32
9/19/11 23:48,DDGSWEVIEGYR,32.02,32.85,,32.42,9375931,0.3
9/20/11 1:19,DDGSWEVIEGYR,31.99,32.91,,32.39,9411762,0.31
9/20/11 16:26,DDGSWEVIEGYR,31.87,32.8,,32.28,10220166,0.33
9/20/11 17:57,DDGSWEVIEGYR,31.79,32.77,,32.22,10216019,0.32
9/20/11 19:28,DDGSWEVIEGYR,31.9,32.8,,32.31,10026738,0.31
9/21/11 3:02,DDGSWEVIEGYR,31.93,32.94,,32.39,10325209,0.32
9/21/11 15:07,DDGSWEVIEGYR,31.87,32.85,,32.31,5970713,0.33
9/21/11 16:37,DDGSWEVIEGYR,31.79,32.74,,32.22,10046410,0.31
9/21/11 18:08,DDGSWEVIEGYR,31.87,32.77,,32.28,9268786,0.32
9/22/11 5:37,DDGSWEVIEGYR,31.96,32.88,,32.42,10052631,0.31
9/22/11 15:37,DDGSWEVIEGYR,31.82,32.74,,32.19,9694325,0.33
9/23/11 1:35,DDGSWEVIEGYR,31.96,32.88,,32.39,9297556,0.31
9/23/11 3:05,DDGSWEVIEGYR,31.96,32.82,,32.39,9008971,0.3
9/23/11 4:36,DDGSWEVIEGYR,31.85,32.88,,32.31,9329685,0.32
9/23/11 12:09,DDGSWEVIEGYR,31.9,32.88,,32.36,9929021,0.32
9/24/11 0:15,DDGSWEVIEGYR,31.99,32.85,,32.42,8588484,0.27
9/24/11 1:46,DDGSWEVIEGYR,31.93,32.94,,32.39,9018734,0.32
9/24/11 3:16,DDGSWEVIEGYR,31.96,33.05,,32.39,9859692,0.32
9/24/11 14:47,DDGSWEVIEGYR,32.08,33.03,,32.48,9007235,0.33
9/25/11 1:03,DDGSWEVIEGYR,31.87,32.85,,32.31,9143317,0.33
9/25/11 11:02,DDGSWEVIEGYR,31.9,32.91,,32.31,8814326,0.31
9/25/11 12:33,DDGSWEVIEGYR,31.87,32.82,,32.25,8741610,0.34
9/25/11 14:03,DDGSWEVIEGYR,32.1,33.05,,32.51,9670456,0.32
9/25/11 21:37,DDGSWEVIEGYR,31.9,32.91,,32.33,9916667,0.33
9/26/11 9:42,DDGSWEVIEGYR,31.96,32.91,,32.42,9319733,0.34
9/26/11 11:13,DDGSWEVIEGYR,31.87,32.82,,32.31,8950063,0.32
9/26/11 12:43,DDGSWEVIEGYR,32.02,32.88,,32.31,10275312,0.33
9/27/11 0:12,DDGSWEVIEGYR,31.93,32.88,,32.36,9093838,0.33
9/27/11 10:10,DDGSWEVIEGYR,31.82,32.77,,32.28,10509270,0.33
9/27/11 20:05,DDGSWEVIEGYR,32.05,33,,32.48,9022718,0.31
9/27/11 21:36,DDGSWEVIEGYR,31.99,32.97,,32.45,8872385,0.32
9/27/11 23:06,DDGSWEVIEGYR,31.87,32.88,,32.25,3094143,0.32
9/28/11 6:39,DDGSWEVIEGYR,31.87,32.8,,32.28,6027759,0.31
9/28/11 18:44,DDGSWEVIEGYR,31.82,32.88,,32.28,10162955,0.34
9/28/11 20:15,DDGSWEVIEGYR,31.85,32.74,,32.28,9207520,0.33
9/28/11 21:45,DDGSWEVIEGYR,31.9,32.91,,32.36,9794675,0.35
9/29/11 9:15,DDGSWEVIEGYR,31.96,33.08,,32.42,9626232,0.35
9/29/11 19:13,DDGSWEVIEGYR,31.85,32.74,,32.28,9207520,0.33
9/19/11 13:14,CAVVDVPFGGAK,28.33,29.2,,28.71,49242744,0.32
9/19/11 14:45,CAVVDVPFGGAK,28.45,29.31,,28.82,53316212,0.3
9/19/11 16:15,CAVVDVPFGGAK,28.19,29.08,,28.59,50248552,0.32
9/19/11 17:46,CAVVDVPFGGAK,28.19,29.11,,28.59,53865896,0.32
9/19/11 19:16,CAVVDVPFGGAK,28.28,29.14,,28.62,49522952,0.31
9/19/11 20:47,CAVVDVPFGGAK,28.48,29.37,,28.88,52744208,0.31
9/19/11 22:18,CAVVDVPFGGAK,28.56,29.43,,28.94,55682864,0.31
9/19/11 23:48,CAVVDVPFGGAK,28.59,29.46,,28.97,54087272,0.31
9/20/11 1:19,CAVVDVPFGGAK,28.59,29.46,,28.97,55412556,0.31
9/20/11 16:26,CAVVDVPFGGAK,28.22,29.11,,28.59,57255724,0.33
9/20/11 17:57,CAVVDVPFGGAK,28.22,29.11,,28.62,59493864,0.31
9/20/11 19:28,CAVVDVPFGGAK,28.45,29.34,,28.85,57221276,0.31
9/21/11 3:02,CAVVDVPFGGAK,28.56,29.43,,28.97,57336808,0.32
9/21/11 15:07,CAVVDVPFGGAK,28.28,29.2,,28.65,56001296,0.32
9/21/11 16:37,CAVVDVPFGGAK,28.16,29.05,,28.59,58529760,0.31
9/21/11 18:08,CAVVDVPFGGAK,28.36,29.23,,28.74,53813416,0.32
9/22/11 5:37,CAVVDVPFGGAK,28.45,29.37,,28.88,59258344,0.31
9/22/11 15:37,CAVVDVPFGGAK,28.28,29.14,,28.68,57026376,0.32
9/23/11 1:35,CAVVDVPFGGAK,28.56,29.43,,28.97,52837208,0.31
9/23/11 3:05,CAVVDVPFGGAK,28.56,29.43,,28.94,52615028,0.32
9/23/11 4:36,CAVVDVPFGGAK,28.51,29.37,,28.91,52164624,0.31
9/23/11 12:09,CAVVDVPFGGAK,28.39,29.28,,28.76,51825692,0.31
9/24/11 0:15,CAVVDVPFGGAK,28.51,29.37,,28.91,41090540,0.23
9/24/11 1:46,CAVVDVPFGGAK,28.53,29.43,,28.94,50729652,0.32
9/24/11 3:16,CAVVDVPFGGAK,28.42,29.31,,28.79,54408544,0.33
9/24/11 14:47,CAVVDVPFGGAK,28.51,29.4,,28.94,49490488,0.32
9/25/11 1:03,CAVVDVPFGGAK,28.33,29.23,,28.74,49279024,0.32
9/25/11 11:02,CAVVDVPFGGAK,28.33,29.23,,28.74,48145048,0.32
9/25/11 12:33,CAVVDVPFGGAK,28.3,29.17,,28.68,48558064,0.3
9/25/11 14:03,CAVVDVPFGGAK,28.53,29.43,,28.94,52650696,0.31
9/25/11 21:37,CAVVDVPFGGAK,28.3,29.17,,28.71,53189988,0.32
9/26/11 9:42,CAVVDVPFGGAK,28.36,29.28,,28.76,49377368,0.32
9/26/11 11:13,CAVVDVPFGGAK,28.28,29.17,,28.68,48503924,0.31
9/26/11 12:43,CAVVDVPFGGAK,28.45,29.31,,28.79,47591744,0.31
9/27/11 0:12,CAVVDVPFGGAK,28.3,29.2,,28.71,49079208,0.31
9/27/11 10:10,CAVVDVPFGGAK,28.39,29.25,,28.76,55474500,0.31
9/27/11 20:05,CAVVDVPFGGAK,28.36,29.28,,28.74,46940704,0.32
9/27/11 21:36,CAVVDVPFGGAK,28.42,29.31,,28.82,48237704,0.32
9/27/11 23:06,CAVVDVPFGGAK,28.3,29.2,,28.74,50105088,0.32
9/28/11 6:39,CAVVDVPFGGAK,28.22,29.11,,28.62,47395172,0.32
9/28/11 18:44,CAVVDVPFGGAK,28.28,29.2,,28.71,48542608,0.32
9/28/11 20:15,CAVVDVPFGGAK,28.25,29.14,,28.65,47387812,0.33
9/28/11 21:45,CAVVDVPFGGAK,28.25,29.14,,28.68,51877956,0.31
9/29/11 9:15,CAVVDVPFGGAK,28.39,29.31,,28.79,48570416,0.32
9/29/11 19:13,CAVVDVPFGGAK,28.25,29.14,,28.65,47387812,0.33
9/19/11 13:14,YNLGLDLR,28.62,29.48,,29.02,47565116,0.32
9/19/11 14:45,YNLGLDLR,28.76,29.63,,29.14,50889488,0.31
9/19/11 16:15,YNLGLDLR,28.53,29.4,,28.94,47268156,0.3
9/19/11 17:46,YNLGLDLR,28.53,29.43,,28.97,50508736,0.32
9/19/11 19:16,YNLGLDLR,28.56,29.43,,28.97,47339040,0.31
9/19/11 20:47,YNLGLDLR,28.76,29.63,,29.17,50999652,0.29
9/19/11 22:18,YNLGLDLR,28.82,29.69,,29.25,54561540,0.32
9/19/11 23:48,YNLGLDLR,28.85,29.69,,29.25,52215216,0.3
9/20/11 1:19,YNLGLDLR,28.85,29.69,,29.25,53171044,0.31
9/20/11 16:26,YNLGLDLR,28.53,29.46,,28.97,54546592,0.32
9/20/11 17:57,YNLGLDLR,28.56,29.46,,28.94,55502704,0.32
9/20/11 19:28,YNLGLDLR,28.74,29.6,,29.14,52665328,0.32
9/21/11 3:02,YNLGLDLR,28.82,29.66,,29.2,53479156,0.31
9/21/11 15:07,YNLGLDLR,28.59,29.48,,29.02,54855380,0.32
9/21/11 16:37,YNLGLDLR,28.48,29.37,,28.88,55549804,0.32
9/21/11 18:08,YNLGLDLR,28.94,29.54,,29.11,28049004,0.14
9/22/11 5:37,YNLGLDLR,28.76,29.66,,29.14,56087748,0.32
9/22/11 15:37,YNLGLDLR,28.59,29.46,,28.99,54754120,0.31
9/23/11 1:35,YNLGLDLR,28.82,29.66,,29.17,48846956,0.32
9/23/11 3:05,YNLGLDLR,28.82,29.69,,29.23,48320296,0.31
9/23/11 4:36,YNLGLDLR,28.76,29.63,,29.17,47552868,0.3
9/23/11 12:09,YNLGLDLR,28.68,29.54,,29.08,51858776,0.31
9/24/11 0:15,YNLGLDLR,28.79,29.66,,29.17,40826248,0.3
9/24/11 1:46,YNLGLDLR,28.79,29.66,,29.23,51997700,0.31
9/24/11 3:16,YNLGLDLR,28.71,29.6,,29.14,52684888,0.31
9/24/11 14:47,YNLGLDLR,28.82,29.69,,29.25,47110904,0.32
9/25/11 1:03,YNLGLDLR,28.65,29.51,,29.05,45807772,0.32
9/25/11 11:02,YNLGLDLR,28.65,29.51,,29.05,44459732,0.32
9/25/11 12:33,YNLGLDLR,28.59,29.48,,28.99,44277688,0.32
9/25/11 14:03,YNLGLDLR,28.79,29.66,,29.2,48555992,0.32
9/25/11 21:37,YNLGLDLR,28.62,29.48,,28.99,49869140,0.3
9/26/11 9:42,YNLGLDLR,28.68,29.57,,29.08,45105112,0.33
9/26/11 11:13,YNLGLDLR,28.56,29.46,,28.97,43973156,0.31
9/26/11 12:43,YNLGLDLR,28.68,29.54,,29.08,42260744,0.33
9/27/11 0:12,YNLGLDLR,28.65,29.51,,29.05,47481156,0.31
9/27/11 10:10,YNLGLDLR,28.65,29.51,,29.05,53010768,0.31
9/27/11 20:05,YNLGLDLR,28.71,29.57,,29.11,46568012,0.31
9/27/11 21:36,YNLGLDLR,28.74,29.63,,29.11,44576124,0.33
9/27/11 23:06,YNLGLDLR,28.62,29.48,,28.99,45806668,0.32
9/28/11 6:39,YNLGLDLR,28.53,29.43,,28.94,42066520,0.3
9/28/11 18:44,YNLGLDLR,28.62,29.48,,29.02,43763492,0.32
9/28/11 20:15,YNLGLDLR,28.53,29.43,,28.94,40621100,0.32
9/28/11 21:45,YNLGLDLR,28.56,29.46,,28.97,47645504,0.31
9/29/11 9:15,YNLGLDLR,28.68,29.6,,29.11,43087184,0.33
9/29/11 19:13,YNLGLDLR,28.53,29.43,,28.94,40621100,0.32
9/19/11 13:14,TAAYVNAIEK,18.6,19.09,,18.83,22469756,0.18
9/19/11 14:45,TAAYVNAIEK,18.57,19.09,,18.8,20801496,0.19
9/19/11 16:15,TAAYVNAIEK,18.57,19.06,,18.77,21277462,0.18
9/19/11 17:46,TAAYVNAIEK,18.57,19.09,,18.8,22276154,0.18
9/19/11 19:16,TAAYVNAIEK,18.57,19.09,,18.83,20757862,0.18
9/19/11 20:47,TAAYVNAIEK,18.66,19.15,,18.89,19974534,0.18
9/19/11 22:18,TAAYVNAIEK,18.69,19.21,,18.92,22473632,0.18
9/19/11 23:48,TAAYVNAIEK,18.66,19.21,,18.92,19872132,0.19
9/20/11 1:19,TAAYVNAIEK,18.69,19.23,,18.95,22454624,0.18
9/20/11 16:26,TAAYVNAIEK,18.57,19.09,,18.8,25403110,0.19
9/20/11 17:57,TAAYVNAIEK,18.54,19.06,,18.77,23309964,0.17
9/20/11 19:28,TAAYVNAIEK,18.57,19.09,,18.83,23380190,0.18
9/21/11 3:02,TAAYVNAIEK,18.69,19.21,,18.95,25383470,0.18
9/21/11 15:07,TAAYVNAIEK,18.63,19.15,,18.83,17498160,0.18
9/21/11 16:37,TAAYVNAIEK,18.57,19.06,,18.8,17537014,0.18
9/21/11 18:08,TAAYVNAIEK,18.57,19.09,,18.8,17590592,0.18
9/22/11 5:37,TAAYVNAIEK,18.66,19.18,,18.92,18750984,0.18
9/22/11 15:37,TAAYVNAIEK,18.69,19.23,,18.95,18208142,0.18
9/23/11 1:35,TAAYVNAIEK,18.77,19.32,,19.03,17164326,0.19
9/23/11 3:05,TAAYVNAIEK,18.83,19.41,,19.09,16827750,0.19
9/23/11 4:36,TAAYVNAIEK,18.77,19.29,,19.03,16988170,0.18
9/23/11 12:09,TAAYVNAIEK,18.77,19.29,,19.03,17246188,0.18
9/24/11 0:15,TAAYVNAIEK,18.83,19.38,,19.09,16582814,0.19
9/24/11 1:46,TAAYVNAIEK,18.86,19.38,,19.12,16784982,0.19
9/24/11 3:16,TAAYVNAIEK,18.77,19.29,,19,19404280,0.18
9/24/11 14:47,TAAYVNAIEK,18.69,19.21,,18.92,16378398,0.2
9/25/11 1:03,TAAYVNAIEK,18.57,19.09,,18.83,18370032,0.17
9/25/11 11:02,TAAYVNAIEK,18.57,19.09,,18.77,16335503,0.18
9/25/11 12:33,TAAYVNAIEK,18.63,19.15,,18.89,16325609,0.18
9/25/11 14:03,TAAYVNAIEK,18.83,19.35,,19.06,20101394,0.18
9/25/11 21:37,TAAYVNAIEK,18.72,19.23,,18.95,17350998,0.18
9/26/11 9:42,TAAYVNAIEK,18.72,19.26,,18.95,16200558,0.18
9/26/11 11:13,TAAYVNAIEK,18.63,19.15,,18.86,15761375,0.18
9/26/11 12:43,TAAYVNAIEK,18.77,19.29,,19,17997186,0.18
9/27/11 0:12,TAAYVNAIEK,18.66,19.18,,18.92,16008599,0.18
9/27/11 10:10,TAAYVNAIEK,18.77,19.29,,19,23803366,0.18
9/27/11 20:05,TAAYVNAIEK,18.74,19.29,,18.97,15193115,0.19
9/27/11 21:36,TAAYVNAIEK,18.77,19.29,,19,14667130,0.19
9/27/11 23:06,TAAYVNAIEK,18.77,19.29,,19.03,15078939,0.19
9/28/11 6:39,TAAYVNAIEK,18.66,19.21,,18.89,13078115,0.19
9/28/11 18:44,TAAYVNAIEK,18.63,19.15,,18.86,14058698,0.18
9/28/11 20:15,TAAYVNAIEK,18.51,19.06,,18.77,14112184,0.19
9/28/11 21:45,TAAYVNAIEK,18.72,19.23,,18.95,14511279,0.19
9/29/11 9:15,TAAYVNAIEK,18.77,19.29,,19,13803443,0.18
9/29/11 19:13,TAAYVNAIEK,18.51,19.06,,18.77,14112184,0.19
9/19/11 13:14,FFVAPFPEVFGK,46.5,47.39,,46.88,45602760,0.34
9/19/11 14:45,FFVAPFPEVFGK,46.47,47.37,,46.93,35566560,0.27
9/19/11 16:15,FFVAPFPEVFGK,46.47,47.42,,46.88,75932680,0.35
9/19/11 17:46,FFVAPFPEVFGK,46.53,47.39,,46.93,42728132,0.35
9/19/11 19:16,FFVAPFPEVFGK,46.5,47.48,,46.9,45227956,0.33
9/19/11 20:47,FFVAPFPEVFGK,46.67,47.6,,47.02,47571544,0.31
9/19/11 22:18,FFVAPFPEVFGK,46.67,47.6,,47.05,50785204,0.31
9/19/11 23:48,FFVAPFPEVFGK,46.7,47.65,,47.11,75423552,0.35
9/20/11 1:19,FFVAPFPEVFGK,46.67,47.62,,47.05,73847400,0.35
9/20/11 16:26,FFVAPFPEVFGK,46.53,47.42,,46.96,47423436,0.25
9/20/11 17:57,FFVAPFPEVFGK,46.44,47.48,,46.88,69410504,0.34
9/20/11 19:28,FFVAPFPEVFGK,46.65,47.62,,46.99,70255936,0.36
9/21/11 3:02,FFVAPFPEVFGK,46.65,47.57,,47.02,80757984,0.35
9/21/11 15:07,FFVAPFPEVFGK,46.5,47.51,,46.93,47260480,0.37
9/21/11 16:37,FFVAPFPEVFGK,46.47,47.42,,46.93,39373060,0.35
9/21/11 18:08,FFVAPFPEVFGK,46.59,47.48,,46.99,32859368,0.32
9/22/11 5:37,FFVAPFPEVFGK,46.73,47.54,,46.93,43599904,0.12
9/22/11 15:37,FFVAPFPEVFGK,46.62,47.51,,46.96,73333680,0.34
9/23/11 1:35,FFVAPFPEVFGK,46.9,47.8,,47.25,76762160,0.32
9/23/11 3:05,FFVAPFPEVFGK,46.85,47.62,,47.19,42682680,0.24
9/23/11 4:36,FFVAPFPEVFGK,46.82,47.74,,47.25,71248608,0.3
9/23/11 12:09,FFVAPFPEVFGK,46.67,47.65,,47.08,56699476,0.34
9/24/11 0:15,FFVAPFPEVFGK,46.79,47.71,,47.16,63796324,0.33
9/24/11 1:46,FFVAPFPEVFGK,46.76,47.71,,47.13,71346672,0.34
9/24/11 3:16,FFVAPFPEVFGK,46.65,47.6,,47.05,47421712,0.33
9/24/11 14:47,FFVAPFPEVFGK,46.59,47.54,,46.99,70973552,0.35
9/25/11 1:03,FFVAPFPEVFGK,46.41,47.37,,46.85,68644464,0.37
9/25/11 11:02,FFVAPFPEVFGK,46.53,47.48,,46.93,67139888,0.34
9/25/11 12:33,FFVAPFPEVFGK,46.56,47.51,,46.96,67550632,0.34
9/25/11 14:03,FFVAPFPEVFGK,46.79,47.74,,47.16,71082264,0.35
9/25/11 21:37,FFVAPFPEVFGK,46.56,47.42,,46.93,70535776,0.33
9/26/11 9:42,FFVAPFPEVFGK,46.47,47.42,,46.88,70486664,0.34
9/26/11 11:13,FFVAPFPEVFGK,46.5,47.45,,46.9,69651080,0.36
9/26/11 12:43,FFVAPFPEVFGK,46.67,47.6,,47.05,72288080,0.34
9/27/11 0:12,FFVAPFPEVFGK,46.53,47.39,,46.85,78471160,0.17
9/27/11 10:10,FFVAPFPEVFGK,46.33,47.65,,46.99,50479840,0.37
9/27/11 20:05,FFVAPFPEVFGK,46.53,47.51,,46.9,83416896,0.36
9/27/11 21:36,FFVAPFPEVFGK,46.53,47.48,,46.9,84028200,0.34
9/27/11 23:06,FFVAPFPEVFGK,46.24,47.22,,46.56,20989790,0.36
9/28/11 6:39,FFVAPFPEVFGK,46.1,47.13,,46.53,28105220,0.29
9/28/11 18:44,FFVAPFPEVFGK,46.36,47.34,,46.76,84887984,0.35
9/28/11 20:15,FFVAPFPEVFGK,46.3,47.25,,46.7,79135544,0.35
9/28/11 21:45,FFVAPFPEVFGK,46.13,47.13,,46.53,51411076,0.35
9/29/11 9:15,FFVAPFPEVFGK,46.33,47.37,,46.67,89583888,0.33
9/29/11 19:13,FFVAPFPEVFGK,46.3,47.25,,46.7,79135544,0.35
9/19/11 13:14,LVNELTEFAK,28.33,29.17,,28.68,40363576,0.3
9/19/11 14:45,LVNELTEFAK,28.48,29.31,,28.88,43190632,0.3
9/19/11 16:15,LVNELTEFAK,28.25,29.08,,28.62,40822232,0.32
9/19/11 17:46,LVNELTEFAK,28.25,29.11,,28.62,43657352,0.31
9/19/11 19:16,LVNELTEFAK,28.28,29.11,,28.62,40067388,0.29
9/19/11 20:47,LVNELTEFAK,28.48,29.31,,28.82,42874936,0.29
9/19/11 22:18,LVNELTEFAK,28.56,29.34,,28.91,45013228,0.28
9/19/11 23:48,LVNELTEFAK,28.56,29.4,,28.94,44163372,0.28
9/20/11 1:19,LVNELTEFAK,28.56,29.37,,28.94,45967696,0.28
9/20/11 16:26,LVNELTEFAK,28.25,29.11,,28.62,46141360,0.31
9/20/11 17:57,LVNELTEFAK,28.28,29.11,,28.65,48161972,0.3
9/20/11 19:28,LVNELTEFAK,28.48,29.28,,28.82,45880828,0.29
9/21/11 3:02,LVNELTEFAK,28.53,29.34,,28.88,47202576,0.29
9/21/11 15:07,LVNELTEFAK,28.3,29.17,,28.68,45937724,0.3
9/21/11 16:37,LVNELTEFAK,28.19,29.05,,28.56,48259556,0.3
9/21/11 18:08,LVNELTEFAK,28.36,29.23,,28.71,45065240,0.31
9/22/11 5:37,LVNELTEFAK,28.48,29.31,,28.85,48351600,0.29
9/22/11 15:37,LVNELTEFAK,28.3,29.11,,28.65,46933792,0.3
9/23/11 1:35,LVNELTEFAK,28.53,29.34,,28.88,43224764,0.28
9/23/11 3:05,LVNELTEFAK,28.53,29.34,,28.88,41909456,0.28
9/23/11 4:36,LVNELTEFAK,28.48,29.28,,28.82,42780724,0.29
9/23/11 12:09,LVNELTEFAK,28.42,29.23,,28.74,42252344,0.29
9/24/11 0:15,LVNELTEFAK,28.51,29.31,,28.88,34139080,0.26
9/24/11 1:46,LVNELTEFAK,28.51,29.31,,28.85,41328748,0.29
9/24/11 3:16,LVNELTEFAK,28.42,29.25,,28.76,43869272,0.3
9/24/11 14:47,LVNELTEFAK,28.53,29.4,,28.88,39852424,0.31
9/25/11 1:03,LVNELTEFAK,28.36,29.2,,28.71,39490736,0.29
9/25/11 11:02,LVNELTEFAK,28.36,29.2,,28.74,38696400,0.3
9/25/11 12:33,LVNELTEFAK,28.3,29.14,,28.68,39268380,0.3
9/25/11 14:03,LVNELTEFAK,28.51,29.37,,28.85,42755340,0.29
9/25/11 21:37,LVNELTEFAK,28.3,29.14,,28.65,42633888,0.3
9/26/11 9:42,LVNELTEFAK,28.39,29.23,,28.74,39866336,0.3
9/26/11 11:13,LVNELTEFAK,28.28,29.08,,28.62,39312420,0.29
9/26/11 12:43,LVNELTEFAK,28.39,29.2,,28.74,38232480,0.28
9/27/11 0:12,LVNELTEFAK,28.36,29.2,,28.71,39055440,0.3
9/27/11 10:10,LVNELTEFAK,28.39,29.17,,28.74,43548408,0.27
9/27/11 20:05,LVNELTEFAK,28.39,29.23,,28.76,37275480,0.3
9/27/11 21:36,LVNELTEFAK,28.42,29.28,,28.79,38629384,0.29
9/27/11 23:06,LVNELTEFAK,28.33,29.17,,28.71,37940116,0.31
9/28/11 6:39,LVNELTEFAK,28.25,29.11,,28.59,36746184,0.3
9/28/11 18:44,LVNELTEFAK,28.33,29.17,,28.71,37946336,0.3
9/28/11 20:15,LVNELTEFAK,28.25,29.05,,28.62,36705236,0.3
9/28/11 21:45,LVNELTEFAK,28.28,29.08,,28.62,40302616,0.29
9/29/11 9:15,LVNELTEFAK,28.39,29.23,,28.74,37338612,0.29
9/29/11 19:13,LVNELTEFAK,28.25,29.05,,28.62,36705236,0.3
9/19/11 13:14,SLHTLFGDELCK,29.69,30.58,,30.03,3192631,0.31
9/19/11 14:45,SLHTLFGDELCK,29.8,30.64,,30.2,3874242,0.27
9/19/11 16:15,SLHTLFGDELCK,29.6,30.55,,29.95,3235056,0.29
9/19/11 17:46,SLHTLFGDELCK,29.6,30.52,,30.03,3860399,0.29
9/19/11 19:16,SLHTLFGDELCK,29.63,30.49,,30,3942028,0.31
9/19/11 20:47,SLHTLFGDELCK,29.8,30.64,,30.18,4442319,0.29
9/19/11 22:18,SLHTLFGDELCK,29.86,30.75,,30.2,4563974,0.3
9/19/11 23:48,SLHTLFGDELCK,29.86,30.75,,30.23,4204363,0.3
9/20/11 1:19,SLHTLFGDELCK,29.83,30.72,,30.18,4313811,0.31
9/20/11 16:26,SLHTLFGDELCK,29.6,30.55,,30.03,4396234,0.33
9/20/11 17:57,SLHTLFGDELCK,29.6,30.55,,30.03,4219552,0.32
9/20/11 19:28,SLHTLFGDELCK,29.77,30.72,,30.12,4420415,0.31
9/21/11 3:02,SLHTLFGDELCK,29.8,30.64,,30.18,4450810,0.32
9/21/11 15:07,SLHTLFGDELCK,29.69,30.64,,30.09,3770802,0.34
9/21/11 16:37,SLHTLFGDELCK,29.57,30.46,,29.97,3921131,0.33
9/21/11 18:08,SLHTLFGDELCK,29.69,30.55,,30.12,4117603,0.3
9/22/11 5:37,SLHTLFGDELCK,29.77,30.75,,30.2,3925362,0.32
9/22/11 15:37,SLHTLFGDELCK,29.63,30.46,,30,3530390,0.31
9/23/11 1:35,SLHTLFGDELCK,29.71,30.66,,30.12,3762071,0.34
9/23/11 3:05,SLHTLFGDELCK,29.77,30.64,,30.18,3525555,0.32
9/23/11 4:36,SLHTLFGDELCK,29.74,30.64,,30.15,3657020,0.31
9/23/11 12:09,SLHTLFGDELCK,29.63,30.55,,30.06,3808553,0.31
9/24/11 0:15,SLHTLFGDELCK,29.71,30.66,,30.2,3363819,0.27
9/24/11 1:46,SLHTLFGDELCK,29.8,30.61,,30.2,3378239,0.32
9/24/11 3:16,SLHTLFGDELCK,29.69,30.61,,30.18,3892884,0.3
9/24/11 14:47,SLHTLFGDELCK,29.95,30.72,,30.23,3749205,0.31
9/25/11 1:03,SLHTLFGDELCK,29.69,30.55,,30.09,3671362,0.31
9/25/11 11:02,SLHTLFGDELCK,29.69,30.58,,30.12,3610106,0.31
9/25/11 12:33,SLHTLFGDELCK,29.57,30.46,,30,3454891,0.33
9/25/11 14:03,SLHTLFGDELCK,29.8,30.72,,30.2,3953253,0.32
9/25/11 21:37,SLHTLFGDELCK,29.54,30.52,,30.06,3813025,0.32
9/26/11 9:42,SLHTLFGDELCK,29.74,30.55,,30.12,3723398,0.31
9/26/11 11:13,SLHTLFGDELCK,29.57,30.43,,30,3721141,0.33
9/26/11 12:43,SLHTLFGDELCK,29.66,30.52,,30.03,3606543,0.31
9/27/11 0:12,SLHTLFGDELCK,29.69,30.49,,30.06,3868520,0.31
9/27/11 10:10,SLHTLFGDELCK,29.6,30.55,,30.03,4479787,0.32
9/27/11 20:05,SLHTLFGDELCK,29.69,30.61,,30.09,4052114,0.35
9/27/11 21:36,SLHTLFGDELCK,29.74,30.64,,30.18,3875453,0.31
9/27/11 23:06,SLHTLFGDELCK,29.63,30.52,,30,4071564,0.31
9/28/11 6:39,SLHTLFGDELCK,29.54,30.41,,29.97,3844415,0.31
9/28/11 18:44,SLHTLFGDELCK,29.66,30.46,,30.06,4146681,0.3
9/28/11 20:15,SLHTLFGDELCK,29.54,30.41,,29.92,4143349,0.32
9/28/11 21:45,SLHTLFGDELCK,29.57,30.41,,29.95,4061368,0.32
9/29/11 9:15,SLHTLFGDELCK,29.69,30.61,,30.15,4508453,0.32
9/29/11 19:13,SLHTLFGDELCK,29.54,30.41,,29.92,4143349,0.32
9/19/11 13:14,YNGVFQECCQAEDK,21.8,22.6,,22.2,608236,0.34
9/19/11 14:45,YNGVFQECCQAEDK,21.8,22.63,,22.26,632697,0.3
9/19/11 16:15,YNGVFQECCQAEDK,21.62,22.75,,22.17,637093,0.28
9/19/11 17:46,YNGVFQECCQAEDK,21.6,22.66,,22.26,656184,0.34
9/19/11 19:16,YNGVFQECCQAEDK,21.65,22.63,,22.14,637619,0.27
9/19/11 20:47,YNGVFQECCQAEDK,21.91,22.72,,22.34,631574,0.27
9/19/11 22:18,YNGVFQECCQAEDK,22,22.72,,22.37,666468,0.28
9/19/11 23:48,YNGVFQECCQAEDK,22,22.75,,22.37,641153,0.28
9/20/11 1:19,YNGVFQECCQAEDK,22.03,22.78,,22.4,634975,0.27
9/20/11 16:26,YNGVFQECCQAEDK,21.83,22.57,,22.23,752396,0.27
9/20/11 17:57,YNGVFQECCQAEDK,21.77,22.52,,22.17,721157,0.27
9/20/11 19:28,YNGVFQECCQAEDK,21.83,22.69,,22.29,688804,0.26
9/21/11 3:02,YNGVFQECCQAEDK,22,22.78,,22.4,708370,0.29
9/21/11 15:07,YNGVFQECCQAEDK,21.83,22.66,,22.23,629359,0.27
9/21/11 16:37,YNGVFQECCQAEDK,21.83,22.55,,22.2,587367,0.26
9/21/11 18:08,YNGVFQECCQAEDK,21.77,22.72,,22.14,574455,0.3
9/22/11 5:37,YNGVFQECCQAEDK,21.94,22.69,,22.29,630020,0.29
9/22/11 15:37,YNGVFQECCQAEDK,21.94,22.75,,22.34,562752,0.27
9/23/11 1:35,YNGVFQECCQAEDK,22.03,22.78,,22.43,584172,0.29
9/23/11 3:05,YNGVFQECCQAEDK,22.08,23.03,,22.52,593320,0.27
9/23/11 4:36,YNGVFQECCQAEDK,22.06,22.86,,22.43,591389,0.26
9/23/11 12:09,YNGVFQECCQAEDK,21.97,22.8,,22.4,579418,0.27
9/24/11 0:15,YNGVFQECCQAEDK,22.17,22.92,,22.52,560680,0.26
9/24/11 1:46,YNGVFQECCQAEDK,22.14,22.8,,22.43,553115,0.29
9/24/11 3:16,YNGVFQECCQAEDK,21.85,22.75,,22.37,592944,0.26
9/24/11 14:47,YNGVFQECCQAEDK,22.03,22.78,,22.37,525362,0.28
9/25/11 1:03,YNGVFQECCQAEDK,21.83,22.63,,22.26,518245,0.28
9/25/11 11:02,YNGVFQECCQAEDK,21.74,22.55,,22.14,486621,0.26
9/25/11 12:33,YNGVFQECCQAEDK,21.8,22.72,,22.29,486848,0.28
9/25/11 14:03,YNGVFQECCQAEDK,21.94,22.92,,22.49,574323,0.26
9/25/11 21:37,YNGVFQECCQAEDK,21.94,22.75,,22.34,552337,0.29
9/26/11 9:42,YNGVFQECCQAEDK,21.91,22.89,,22.37,559163,0.28
9/26/11 11:13,YNGVFQECCQAEDK,21.74,22.69,,22.26,522081,0.27
9/26/11 12:43,YNGVFQECCQAEDK,21.88,22.78,,22.34,549627,0.27
9/27/11 0:12,YNGVFQECCQAEDK,21.91,22.78,,22.4,485811,0.23
9/27/11 10:10,YNGVFQECCQAEDK,21.88,22.83,,22.4,564470,0.24
9/27/11 20:05,YNGVFQECCQAEDK,22.03,22.83,,22.37,490077,0.29
9/27/11 21:36,YNGVFQECCQAEDK,21.88,22.86,,22.43,513273,0.26
9/27/11 23:06,YNGVFQECCQAEDK,22.08,22.83,,22.37,483568,0.27
9/28/11 6:39,YNGVFQECCQAEDK,21.8,22.78,,22.31,471069,0.27
9/28/11 18:44,YNGVFQECCQAEDK,21.83,22.78,,22.2,496039,0.28
9/28/11 20:15,YNGVFQECCQAEDK,21.77,22.69,,22.2,509139,0.26
9/28/11 21:45,YNGVFQECCQAEDK,21.85,22.63,,22.23,508188,0.27
9/29/11 9:15,YNGVFQECCQAEDK,21.91,22.8,,22.34,472083,0.28
9/29/11 19:13,YNGVFQECCQAEDK,21.77,22.69,,22.2,509139,0.26
9/19/11 13:14,HLVDEPQNLIK,21.05,21.68,,21.34,4917036,0.23
9/19/11 14:45,HLVDEPQNLIK,21.13,21.74,,21.39,5191966,0.25
9/19/11 16:15,HLVDEPQNLIK,20.99,21.59,,21.28,5543847,0.22
9/19/11 17:46,HLVDEPQNLIK,21.02,21.68,,21.28,5074872,0.22
9/19/11 19:16,HLVDEPQNLIK,21.02,21.65,,21.34,5219599,0.23
9/19/11 20:47,HLVDEPQNLIK,21.16,21.8,,21.45,5288635,0.25
9/19/11 22:18,HLVDEPQNLIK,21.25,21.88,,21.54,5611004,0.23
9/19/11 23:48,HLVDEPQNLIK,21.28,21.97,,21.54,5546785,0.23
9/20/11 1:19,HLVDEPQNLIK,21.34,21.97,,21.57,5584431,0.23
9/20/11 16:26,HLVDEPQNLIK,21.02,21.65,,21.28,5820689,0.23
9/20/11 17:57,HLVDEPQNLIK,20.96,21.59,,21.19,5891295,0.24
9/20/11 19:28,HLVDEPQNLIK,21.13,21.8,,21.42,5619186,0.24
9/21/11 3:02,HLVDEPQNLIK,21.25,21.91,,21.54,6020554,0.25
9/21/11 15:07,HLVDEPQNLIK,21.08,21.74,,21.36,4408930,0.23
9/21/11 16:37,HLVDEPQNLIK,20.99,21.65,,21.28,4550331,0.23
9/21/11 18:08,HLVDEPQNLIK,21.05,21.71,,21.31,4428028,0.22
9/22/11 5:37,HLVDEPQNLIK,21.16,21.77,,21.45,4551445,0.22
9/22/11 15:37,HLVDEPQNLIK,21.19,21.83,,21.45,4420252,0.23
9/23/11 1:35,HLVDEPQNLIK,21.42,22.03,,21.68,4269880,0.22
9/23/11 3:05,HLVDEPQNLIK,21.42,22.08,,21.71,4215577,0.22
9/23/11 4:36,HLVDEPQNLIK,21.34,21.97,,21.59,4377054,0.22
9/23/11 12:09,HLVDEPQNLIK,21.28,21.91,,21.54,4124601,0.23
9/24/11 0:15,HLVDEPQNLIK,21.36,21.97,,21.62,3987535,0.22
9/24/11 1:46,HLVDEPQNLIK,21.39,22.03,,21.68,3948699,0.22
9/24/11 3:16,HLVDEPQNLIK,21.25,21.88,,21.51,4179827,0.22
9/24/11 14:47,HLVDEPQNLIK,21.19,21.91,,21.51,4287028,0.23
9/25/11 1:03,HLVDEPQNLIK,21.08,21.68,,21.31,3983304,0.22
9/25/11 11:02,HLVDEPQNLIK,20.93,21.59,,21.22,3911630,0.25
9/25/11 12:33,HLVDEPQNLIK,21.11,21.77,,21.39,3908522,0.22
9/25/11 14:03,HLVDEPQNLIK,21.36,21.97,,21.65,4348139,0.23
9/25/11 21:37,HLVDEPQNLIK,21.16,21.8,,21.45,4358767,0.23
9/26/11 9:42,HLVDEPQNLIK,21.16,21.91,,21.48,4126042,0.23
9/26/11 11:13,HLVDEPQNLIK,20.99,21.68,,21.28,3908435,0.27
9/26/11 12:43,HLVDEPQNLIK,21.28,21.91,,21.57,4163307,0.22
9/27/11 0:12,HLVDEPQNLIK,21.13,21.77,,21.42,3819274,0.22
9/27/11 10:10,HLVDEPQNLIK,21.19,21.85,,21.45,5663097,0.23
9/27/11 20:05,HLVDEPQNLIK,21.22,21.83,,21.48,3912237,0.23
9/27/11 21:36,HLVDEPQNLIK,21.19,21.8,,21.48,3926147,0.21
9/27/11 23:06,HLVDEPQNLIK,21.16,21.83,,21.42,4195728,0.23
9/28/11 6:39,HLVDEPQNLIK,21.08,21.74,,21.36,4096102,0.22
9/28/11 18:44,HLVDEPQNLIK,21.08,21.71,,21.34,4204536,0.23
9/28/11 20:15,HLVDEPQNLIK,20.99,21.65,,21.25,4286372,0.23
9/28/11 21:45,HLVDEPQNLIK,21.11,21.77,,21.39,4368358,0.22
9/29/11 9:15,HLVDEPQNLIK,21.19,21.85,,21.48,4475334,0.21
9/29/11 19:13,HLVDEPQNLIK,20.99,21.65,,21.25,4286372,0.23