Precursor,Isotope Label Type,retention time,Max FWHM,Min Start Time,Max End Time,Total Area,Annotations,metric1,hello,bye,chicken,grass,flower,home,food,horse,apple,time,chocolate,bag,hand
VLVLDTDYK,light,24.62,0.29,24.3,25.08,116034248,A,24.62,0.29,a,24.62,24.62,24.62,24.62,24.62,24.62,24.62,24.62,24.62,24.62,24.62
VLVLDTDYK,light,24.7,0.31,24.36,25.17,127339240,B,24.7,0.31,b,24.7,24.7,24.7,24.7,24.7,24.7,24.7,24.7,24.7,24.7,24.7
VLVLDTDYK,light,24.53,0.31,24.19,24.96,110745576,C,24.53,0.31,c,24.53,24.53,24.53,24.53,24.53,24.53,24.53,24.53,24.53,24.53,24.53
VLVLDTDYK,light,24.59,0.31,24.22,25.02,130619640,,24.59,0.31,d,24.59,24.59,24.59,24.59,24.59,24.59,24.59,24.59,24.59,24.59,24.59
VLVLDTDYK,light,24.62,0.3,24.27,25.05,113469472,,24.62,0.3,e,24.62,24.62,24.62,24.62,24.62,24.62,24.62,24.62,24.62,24.62,24.62
VLVLDTDYK,light,24.76,0.3,24.42,25.22,120836432,,24.76,0.3,f,24.76,24.76,24.76,24.76,24.76,24.76,24.76,24.76,24.76,24.76,24.76
VLVLDTDYK,light,24.79,0.3,24.45,25.25,130383616,,24.79,0.3,g,24.79,24.79,24.79,24.79,24.79,24.79,24.79,24.79,24.79,24.79,24.79
VLVLDTDYK,light,24.85,0.3,24.5,25.28,122144608,,24.85,0.3,h,24.85,24.85,24.85,24.85,24.85,24.85,24.85,24.85,24.85,24.85,24.85
VLVLDTDYK,light,24.82,0.29,24.47,25.28,126206200,,24.82,0.29,a,24.82,24.82,24.82,24.82,24.82,24.82,24.82,24.82,24.82,24.82,24.82
VLVLDTDYK,light,24.53,0.31,24.24,25.02,132010632,,24.53,0.31,b,24.53,24.53,24.53,24.53,24.53,24.53,24.53,24.53,24.53,24.53,24.53
VLVLDTDYK,light,24.53,0.31,24.19,24.96,133893448,,24.53,0.31,c,24.53,24.53,24.53,24.53,24.53,24.53,24.53,24.53,24.53,24.53,24.53
VLVLDTDYK,light,24.7,0.3,24.36,25.17,124086984,,24.7,0.3,d,24.7,24.7,24.7,24.7,24.7,24.7,24.7,24.7,24.7,24.7,24.7
VLVLDTDYK,light,24.85,0.3,24.47,25.28,128337680,,24.85,0.3,e,24.85,24.85,24.85,24.85,24.85,24.85,24.85,24.85,24.85,24.85,24.85
VLVLDTDYK,light,24.62,0.3,24.27,25.05,117667432,,24.62,0.3,f,24.62,24.62,24.62,24.62,24.62,24.62,24.62,24.62,24.62,24.62,24.62
VLVLDTDYK,light,24.53,0.29,24.19,24.96,121610568,,24.53,0.29,g,24.53,24.53,24.53,24.53,24.53,24.53,24.53,24.53,24.53,24.53,24.53
VLVLDTDYK,light,24.65,0.29,24.3,25.08,124035496,,24.65,0.29,h,24.65,24.65,24.65,24.65,24.65,24.65,24.65,24.65,24.65,24.65,24.65
VLVLDTDYK,light,24.7,0.3,24.36,25.14,123694048,,24.7,0.3,a,24.7,24.7,24.7,24.7,24.7,24.7,24.7,24.7,24.7,24.7,24.7
VLVLDTDYK,light,24.65,0.29,24.33,25.11,117995552,,24.65,0.29,b,24.65,24.65,24.65,24.65,24.65,24.65,24.65,24.65,24.65,24.65,24.65
VLVLDTDYK,light,24.88,0.3,24.56,25.34,113882032,,24.88,0.3,c,24.88,24.88,24.88,24.88,24.88,24.88,24.88,24.88,24.88,24.88,24.88
VLVLDTDYK,light,24.91,0.3,24.59,25.37,112369192,,24.91,0.3,d,24.91,24.91,24.91,24.91,24.91,24.91,24.91,24.91,24.91,24.91,24.91
VLVLDTDYK,light,24.82,0.29,24.5,25.28,108572992,,24.82,0.29,e,24.82,24.82,24.82,24.82,24.82,24.82,24.82,24.82,24.82,24.82,24.82
VLVLDTDYK,light,24.94,0.3,24.65,25.28,17096,,24.94,0.3,f,24.94,24.94,24.94,24.94,24.94,24.94,24.94,24.94,24.94,24.94,24.94
VLVLDTDYK,light,24.73,0.29,24.39,25.17,114232536,,24.73,0.29,g,24.73,24.73,24.73,24.73,24.73,24.73,24.73,24.73,24.73,24.73,24.73
VLVLDTDYK,light,24.85,0.28,24.5,25.28,110165896,AA,24.85,0.28,h,24.85,24.85,24.85,24.85,24.85,24.85,24.85,24.85,24.85,24.85,24.85
VLVLDTDYK,light,24.88,0.27,24.56,25.31,119396328,BB,24.88,0.27,a,24.88,24.88,24.88,24.88,24.88,24.88,24.88,24.88,24.88,24.88,24.88
VLVLDTDYK,light,24.73,0.3,24.42,25.17,121705136,CC,24.73,0.3,b,24.73,24.73,24.73,24.73,24.73,24.73,24.73,24.73,24.73,24.73,24.73
VLVLDTDYK,light,24.76,0.3,24.42,25.22,106307968,,24.76,0.3,c,24.76,24.76,24.76,24.76,24.76,24.76,24.76,24.76,24.76,24.76,24.76
VLVLDTDYK,light,24.65,0.3,24.27,25.08,107107792,,24.65,0.3,d,24.65,24.65,24.65,24.65,24.65,24.65,24.65,24.65,24.65,24.65,24.65
VLVLDTDYK,light,24.59,0.3,24.24,25.02,104155072,,24.59,0.3,e,24.59,24.59,24.59,24.59,24.59,24.59,24.59,24.59,24.59,24.59,24.59
VLVLDTDYK,light,24.65,0.29,24.33,25.11,107286680,,24.65,0.29,f,24.65,24.65,24.65,24.65,24.65,24.65,24.65,24.65,24.65,24.65,24.65
VLVLDTDYK,light,24.85,0.3,24.53,25.31,118212120,,24.85,0.3,g,24.85,24.85,24.85,24.85,24.85,24.85,24.85,24.85,24.85,24.85,24.85
VLVLDTDYK,light,24.68,0.3,24.3,25.11,116528872,,24.68,0.3,h,24.68,24.68,24.68,24.68,24.68,24.68,24.68,24.68,24.68,24.68,24.68
VLVLDTDYK,light,24.68,0.3,24.36,25.14,110364800,,24.68,0.3,a,24.68,24.68,24.68,24.68,24.68,24.68,24.68,24.68,24.68,24.68,24.68
VLVLDTDYK,light,24.62,0.29,24.27,25.08,105226112,,24.62,0.29,b,24.62,24.62,24.62,24.62,24.62,24.62,24.62,24.62,24.62,24.62,24.62
VLVLDTDYK,light,24.76,0.29,24.42,25.19,112290400,,24.76,0.29,c,24.76,24.76,24.76,24.76,24.76,24.76,24.76,24.76,24.76,24.76,24.76
VLVLDTDYK,light,24.62,0.29,24.27,25.05,105977904,,24.62,0.29,d,24.62,24.62,24.62,24.62,24.62,24.62,24.62,24.62,24.62,24.62,24.62
VLVLDTDYK,light,24.7,0.3,24.36,25.17,124188336,AAA,24.7,0.3,e,24.7,24.7,24.7,24.7,24.7,24.7,24.7,24.7,24.7,24.7,24.7
VLVLDTDYK,light,24.76,0.32,24.39,25.22,101415736,BBB,24.76,0.32,f,24.76,24.76,24.76,24.76,24.76,24.76,24.76,24.76,24.76,24.76,24.76
VLVLDTDYK,light,24.76,0.31,24.36,25.17,101154816,CCC,24.76,0.31,g,24.76,24.76,24.76,24.76,24.76,24.76,24.76,24.76,24.76,24.76,24.76
VLVLDTDYK,light,24.65,0.3,24.3,25.08,102023224,,24.65,0.3,h,24.65,24.65,24.65,24.65,24.65,24.65,24.65,24.65,24.65,24.65,24.65
VLVLDTDYK,light,24.56,0.29,24.22,25.02,89610200,,24.56,0.29,a,24.56,24.56,24.56,24.56,24.56,24.56,24.56,24.56,24.56,24.56,24.56
VLVLDTDYK,light,24.59,0.3,24.22,24.99,93997712,,24.59,0.3,b,24.59,24.59,24.59,24.59,24.59,24.59,24.59,24.59,24.59,24.59,24.59
VLVLDTDYK,light,24.47,0.3,24.1,24.91,90727008,,24.47,0.3,c,24.47,24.47,24.47,24.47,24.47,24.47,24.47,24.47,24.47,24.47,24.47
VLVLDTDYK,light,24.59,0.31,24.27,25.08,99698832,,24.59,0.31,d,24.59,24.59,24.59,24.59,24.59,24.59,24.59,24.59,24.59,24.59,24.59
VLVLDTDYK,light,24.73,0.29,24.36,25.17,91007240,,24.73,0.29,e,24.73,24.73,24.73,24.73,24.73,24.73,24.73,24.73,24.73,24.73,24.73
VLVLDTDYK,light,24.47,0.3,24.1,24.91,90727008,,24.47,0.3,f,24.47,24.47,24.47,24.47,24.47,24.47,24.47,24.47,24.47,24.47,24.47
DGGIDPLVR,light,22.83,0.26,22.46,23.21,29848742,D,22.83,0.26,g,22.83,22.83,22.83,22.83,22.83,22.83,22.83,22.83,22.83,22.83,22.83
DGGIDPLVR,light,22.83,0.27,22.52,23.27,30046920,E,22.83,0.27,h,22.83,22.83,22.83,22.83,22.83,22.83,22.83,22.83,22.83,22.83,22.83
DGGIDPLVR,light,22.72,0.26,22.37,23.12,28826946,F,22.72,0.26,a,22.72,22.72,22.72,22.72,22.72,22.72,22.72,22.72,22.72,22.72,22.72
DGGIDPLVR,light,22.75,0.27,22.37,23.12,31871090,,22.75,0.27,b,22.75,22.75,22.75,22.75,22.75,22.75,22.75,22.75,22.75,22.75,22.75
DGGIDPLVR,light,22.78,0.28,22.4,23.18,29745404,,22.78,0.28,c,22.78,22.78,22.78,22.78,22.78,22.78,22.78,22.78,22.78,22.78,22.78
DGGIDPLVR,light,22.98,0.27,22.57,23.35,33090204,,22.98,0.27,d,22.98,22.98,22.98,22.98,22.98,22.98,22.98,22.98,22.98,22.98,22.98
DGGIDPLVR,light,22.95,0.27,22.6,23.35,32437554,,22.95,0.27,e,22.95,22.95,22.95,22.95,22.95,22.95,22.95,22.95,22.95,22.95,22.95
DGGIDPLVR,light,23.01,0.26,22.66,23.41,32072204,,23.01,0.26,f,23.01,23.01,23.01,23.01,23.01,23.01,23.01,23.01,23.01,23.01,23.01
DGGIDPLVR,light,23.03,0.27,22.66,23.41,32815172,,23.03,0.27,g,23.03,23.03,23.03,23.03,23.03,23.03,23.03,23.03,23.03,23.03,23.03
DGGIDPLVR,light,22.75,0.26,22.4,23.15,33779368,,22.75,0.26,h,22.75,22.75,22.75,22.75,22.75,22.75,22.75,22.75,22.75,22.75,22.75
DGGIDPLVR,light,22.72,0.29,22.34,23.12,34882600,,22.72,0.29,a,22.72,22.72,22.72,22.72,22.72,22.72,22.72,22.72,22.72,22.72,22.72
DGGIDPLVR,light,22.86,0.28,22.52,23.27,33084932,,22.86,0.28,b,22.86,22.86,22.86,22.86,22.86,22.86,22.86,22.86,22.86,22.86,22.86
DGGIDPLVR,light,22.98,0.26,22.63,23.41,34972104,,22.98,0.26,c,22.98,22.98,22.98,22.98,22.98,22.98,22.98,22.98,22.98,22.98,22.98
DGGIDPLVR,light,22.83,0.28,22.46,23.21,27064946,,22.83,0.28,d,22.83,22.83,22.83,22.83,22.83,22.83,22.83,22.83,22.83,22.83,22.83
DGGIDPLVR,light,22.75,0.27,22.37,23.12,27699456,,22.75,0.27,e,22.75,22.75,22.75,22.75,22.75,22.75,22.75,22.75,22.75,22.75,22.75
DGGIDPLVR,light,22.8,0.25,22.46,23.24,29321740,,22.8,0.25,f,22.8,22.8,22.8,22.8,22.8,22.8,22.8,22.8,22.8,22.8,22.8
DGGIDPLVR,light,22.89,0.28,22.55,23.29,28574646,,22.89,0.28,g,22.89,22.89,22.89,22.89,22.89,22.89,22.89,22.89,22.89,22.89,22.89
DGGIDPLVR,light,22.92,0.27,22.55,23.29,28624674,DD,22.92,0.27,h,22.92,22.92,22.92,22.92,22.92,22.92,22.92,22.92,22.92,22.92,22.92
DGGIDPLVR,light,23.12,0.26,22.75,23.5,26458728,EE,23.12,0.26,a,23.12,23.12,23.12,23.12,23.12,23.12,23.12,23.12,23.12,23.12,23.12
DGGIDPLVR,light,23.15,0.26,22.78,23.52,25558442,FF,23.15,0.26,b,23.15,23.15,23.15,23.15,23.15,23.15,23.15,23.15,23.15,23.15,23.15
DGGIDPLVR,light,23.06,0.26,22.69,23.44,25948516,,23.06,0.26,c,23.06,23.06,23.06,23.06,23.06,23.06,23.06,23.06,23.06,23.06,23.06
DGGIDPLVR,light,22.98,0.27,22.6,23.38,27211380,,22.98,0.27,d,22.98,22.98,22.98,22.98,22.98,22.98,22.98,22.98,22.98,22.98,22.98
DGGIDPLVR,light,23.09,0.28,22.69,23.44,25579962,,23.09,0.28,e,23.09,23.09,23.09,23.09,23.09,23.09,23.09,23.09,23.09,23.09,23.09
DGGIDPLVR,light,23.09,0.27,22.72,23.47,25740914,,23.09,0.27,f,23.09,23.09,23.09,23.09,23.09,23.09,23.09,23.09,23.09,23.09,23.09
DGGIDPLVR,light,22.98,0.27,22.6,23.35,30205978,,22.98,0.27,g,22.98,22.98,22.98,22.98,22.98,22.98,22.98,22.98,22.98,22.98,22.98
DGGIDPLVR,light,22.95,0.27,22.57,23.32,24858712,,22.95,0.27,h,22.95,22.95,22.95,22.95,22.95,22.95,22.95,22.95,22.95,22.95,22.95
DGGIDPLVR,light,22.8,0.28,22.43,23.21,25741174,,22.8,0.28,a,22.8,22.8,22.8,22.8,22.8,22.8,22.8,22.8,22.8,22.8,22.8
DGGIDPLVR,light,22.72,0.28,22.34,23.15,25471416,,22.72,0.28,b,22.72,22.72,22.72,22.72,22.72,22.72,22.72,22.72,22.72,22.72,22.72
DGGIDPLVR,light,22.86,0.26,22.49,23.27,25515072,,22.86,0.26,c,22.86,22.86,22.86,22.86,22.86,22.86,22.86,22.86,22.86,22.86,22.86
DGGIDPLVR,light,23.06,0.27,22.72,23.47,28085734,,23.06,0.27,d,23.06,23.06,23.06,23.06,23.06,23.06,23.06,23.06,23.06,23.06,23.06
DGGIDPLVR,light,22.86,0.29,22.49,23.27,27300512,,22.86,0.29,e,22.86,22.86,22.86,22.86,22.86,22.86,22.86,22.86,22.86,22.86,22.86
DGGIDPLVR,light,22.92,0.27,22.52,23.32,23546816,,22.92,0.27,f,22.92,22.92,22.92,22.92,22.92,22.92,22.92,22.92,22.92,22.92,22.92
DGGIDPLVR,light,22.8,0.28,22.4,23.21,24573502,,22.8,0.28,g,22.8,22.8,22.8,22.8,22.8,22.8,22.8,22.8,22.8,22.8,22.8
DGGIDPLVR,light,23.01,0.27,22.63,23.38,27006744,,23.01,0.27,h,23.01,23.01,23.01,23.01,23.01,23.01,23.01,23.01,23.01,23.01,23.01
DGGIDPLVR,light,22.86,0.27,22.49,23.24,23914046,,22.86,0.27,a,22.86,22.86,22.86,22.86,22.86,22.86,22.86,22.86,22.86,22.86,22.86
DGGIDPLVR,light,22.92,0.27,22.55,23.32,33827164,,22.92,0.27,b,22.92,22.92,22.92,22.92,22.92,22.92,22.92,22.92,22.92,22.92,22.92
DGGIDPLVR,light,22.89,0.26,22.52,23.29,23491120,,22.89,0.26,c,22.89,22.89,22.89,22.89,22.89,22.89,22.89,22.89,22.89,22.89,22.89
DGGIDPLVR,light,22.92,0.27,22.55,23.32,24354038,,22.92,0.27,d,22.92,22.92,22.92,22.92,22.92,22.92,22.92,22.92,22.92,22.92,22.92
DGGIDPLVR,light,22.89,0.26,22.52,23.27,23178182,,22.89,0.26,e,22.89,22.89,22.89,22.89,22.89,22.89,22.89,22.89,22.89,22.89,22.89
DGGIDPLVR,light,22.78,0.31,22.4,23.18,20715094,,22.78,0.31,f,22.78,22.78,22.78,22.78,22.78,22.78,22.78,22.78,22.78,22.78,22.78
DGGIDPLVR,light,22.78,0.29,22.37,23.18,21910024,DDD,22.78,0.29,g,22.78,22.78,22.78,22.78,22.78,22.78,22.78,22.78,22.78,22.78,22.78
DGGIDPLVR,light,22.72,0.27,22.34,23.12,21361528,EEE,22.72,0.27,h,22.72,22.72,22.72,22.72,22.72,22.72,22.72,22.72,22.72,22.72,22.72
DGGIDPLVR,light,22.8,0.28,22.4,23.21,25089674,FFF,22.8,0.28,a,22.8,22.8,22.8,22.8,22.8,22.8,22.8,22.8,22.8,22.8,22.8
DGGIDPLVR,light,22.92,0.28,22.55,23.29,21313348,,22.92,0.28,b,22.92,22.92,22.92,22.92,22.92,22.92,22.92,22.92,22.92,22.92,22.92
DGGIDPLVR,light,22.72,0.27,22.34,23.12,21361528,,22.72,0.27,c,22.72,22.72,22.72,22.72,22.72,22.72,22.72,22.72,22.72,22.72,22.72
GFCGLSQPK,light,20.18,0.23,19.9,20.53,13511653,G,20.18,0.23,d,20.18,20.18,20.18,20.18,20.18,20.18,20.18,20.18,20.18,20.18,20.18
GFCGLSQPK,light,20.21,0.24,19.87,20.56,12343345,H,20.21,0.24,e,20.21,20.21,20.21,20.21,20.21,20.21,20.21,20.21,20.21,20.21,20.21
GFCGLSQPK,light,20.16,0.24,19.87,20.53,13918548,I,20.16,0.24,f,20.16,20.16,20.16,20.16,20.16,20.16,20.16,20.16,20.16,20.16,20.16
GFCGLSQPK,light,20.18,0.24,19.87,20.53,12670380,,20.18,0.24,g,20.18,20.18,20.18,20.18,20.18,20.18,20.18,20.18,20.18,20.18,20.18
GFCGLSQPK,light,20.18,0.24,19.87,20.53,12354144,,20.18,0.24,h,20.18,20.18,20.18,20.18,20.18,20.18,20.18,20.18,20.18,20.18,20.18
GFCGLSQPK,light,20.27,0.25,19.95,20.62,11831322,,20.27,0.25,a,20.27,20.27,20.27,20.27,20.27,20.27,20.27,20.27,20.27,20.27,20.27
GFCGLSQPK,light,20.3,0.24,19.98,20.64,14190130,,20.3,0.24,b,20.3,20.3,20.3,20.3,20.3,20.3,20.3,20.3,20.3,20.3,20.3
GFCGLSQPK,light,20.33,0.23,20.01,20.67,12795981,,20.33,0.23,c,20.33,20.33,20.33,20.33,20.33,20.33,20.33,20.33,20.33,20.33,20.33
GFCGLSQPK,light,20.36,0.24,20.04,20.7,13881678,,20.36,0.24,d,20.36,20.36,20.36,20.36,20.36,20.36,20.36,20.36,20.36,20.36,20.36
GFCGLSQPK,light,20.21,0.24,19.87,20.53,16065849,,20.21,0.24,e,20.21,20.21,20.21,20.21,20.21,20.21,20.21,20.21,20.21,20.21,20.21
GFCGLSQPK,light,20.16,0.23,19.84,20.5,14384179,,20.16,0.23,f,20.16,20.16,20.16,20.16,20.16,20.16,20.16,20.16,20.16,20.16,20.16
GFCGLSQPK,light,20.21,0.24,19.9,20.56,14777372,,20.21,0.24,g,20.21,20.21,20.21,20.21,20.21,20.21,20.21,20.21,20.21,20.21,20.21
GFCGLSQPK,light,20.3,0.23,20.01,20.64,15537293,,20.3,0.23,h,20.3,20.3,20.3,20.3,20.3,20.3,20.3,20.3,20.3,20.3,20.3
GFCGLSQPK,light,20.24,0.24,19.92,20.59,12365088,,20.24,0.24,a,20.24,20.24,20.24,20.24,20.24,20.24,20.24,20.24,20.24,20.24,20.24
GFCGLSQPK,light,20.16,0.24,19.84,20.53,12025969,,20.16,0.24,b,20.16,20.16,20.16,20.16,20.16,20.16,20.16,20.16,20.16,20.16,20.16
GFCGLSQPK,light,20.18,0.22,19.87,20.53,13165036,,20.18,0.22,c,20.18,20.18,20.18,20.18,20.18,20.18,20.18,20.18,20.18,20.18,20.18
GFCGLSQPK,light,20.3,0.24,19.95,20.67,12540602,,20.3,0.24,d,20.3,20.3,20.3,20.3,20.3,20.3,20.3,20.3,20.3,20.3,20.3
GFCGLSQPK,light,20.33,0.24,20.04,20.7,12401450,,20.33,0.24,e,20.33,20.33,20.33,20.33,20.33,20.33,20.33,20.33,20.33,20.33,20.33
GFCGLSQPK,light,20.44,0.23,20.16,20.76,11406219,,20.44,0.23,f,20.44,20.44,20.44,20.44,20.44,20.44,20.44,20.44,20.44,20.44,20.44
GFCGLSQPK,light,20.5,0.23,20.18,20.88,11342306,,20.5,0.23,g,20.5,20.5,20.5,20.5,20.5,20.5,20.5,20.5,20.5,20.5,20.5
GFCGLSQPK,light,20.41,0.23,20.1,20.76,12117833,,20.41,0.23,h,20.41,20.41,20.41,20.41,20.41,20.41,20.41,20.41,20.41,20.41,20.41
GFCGLSQPK,light,20.39,0.24,20.1,20.76,12050439,,20.39,0.24,a,20.39,20.39,20.39,20.39,20.39,20.39,20.39,20.39,20.39,20.39,20.39
GFCGLSQPK,light,20.47,0.25,20.18,20.82,11140829,,20.47,0.25,b,20.47,20.47,20.47,20.47,20.47,20.47,20.47,20.47,20.47,20.47,20.47
GFCGLSQPK,light,20.47,0.23,20.18,20.82,11425248,,20.47,0.23,c,20.47,20.47,20.47,20.47,20.47,20.47,20.47,20.47,20.47,20.47,20.47
GFCGLSQPK,light,20.41,0.24,20.07,20.73,12604454,GG,20.41,0.24,d,20.41,20.41,20.41,20.41,20.41,20.41,20.41,20.41,20.41,20.41,20.41
GFCGLSQPK,light,20.3,0.23,20.01,20.67,11239238,HH,20.3,0.23,e,20.3,20.3,20.3,20.3,20.3,20.3,20.3,20.3,20.3,20.3,20.3
GFCGLSQPK,light,20.21,0.24,19.9,20.59,11970155,II,20.21,0.24,f,20.21,20.21,20.21,20.21,20.21,20.21,20.21,20.21,20.21,20.21,20.21
GFCGLSQPK,light,20.16,0.23,19.81,20.5,11223780,,20.16,0.23,g,20.16,20.16,20.16,20.16,20.16,20.16,20.16,20.16,20.16,20.16,20.16
GFCGLSQPK,light,20.24,0.24,19.95,20.62,11241448,,20.24,0.24,h,20.24,20.24,20.24,20.24,20.24,20.24,20.24,20.24,20.24,20.24,20.24
GFCGLSQPK,light,20.47,0.24,20.16,20.82,13292503,,20.47,0.24,a,20.47,20.47,20.47,20.47,20.47,20.47,20.47,20.47,20.47,20.47,20.47
GFCGLSQPK,light,20.33,0.25,20.01,20.64,12218146,,20.33,0.25,b,20.33,20.33,20.33,20.33,20.33,20.33,20.33,20.33,20.33,20.33,20.33
GFCGLSQPK,light,20.36,0.23,20.04,20.7,10650265,,20.36,0.23,c,20.36,20.36,20.36,20.36,20.36,20.36,20.36,20.36,20.36,20.36,20.36
GFCGLSQPK,light,20.18,0.24,19.9,20.56,11056073,,20.18,0.24,d,20.18,20.18,20.18,20.18,20.18,20.18,20.18,20.18,20.18,20.18,20.18
GFCGLSQPK,light,20.36,0.23,20.07,20.73,11778354,,20.36,0.23,e,20.36,20.36,20.36,20.36,20.36,20.36,20.36,20.36,20.36,20.36,20.36
GFCGLSQPK,light,20.27,0.26,19.95,20.64,10949925,,20.27,0.26,f,20.27,20.27,20.27,20.27,20.27,20.27,20.27,20.27,20.27,20.27,20.27
GFCGLSQPK,light,20.39,0.25,20.07,20.73,15387767,,20.39,0.25,g,20.39,20.39,20.39,20.39,20.39,20.39,20.39,20.39,20.39,20.39,20.39
GFCGLSQPK,light,20.39,0.23,20.07,20.73,10586422,,20.39,0.23,h,20.39,20.39,20.39,20.39,20.39,20.39,20.39,20.39,20.39,20.39,20.39
GFCGLSQPK,light,20.39,0.24,20.07,20.76,11421699,GGG,20.39,0.24,a,20.39,20.39,20.39,20.39,20.39,20.39,20.39,20.39,20.39,20.39,20.39
GFCGLSQPK,light,20.39,0.23,20.07,20.73,10802818,HHH,20.39,0.23,b,20.39,20.39,20.39,20.39,20.39,20.39,20.39,20.39,20.39,20.39,20.39
GFCGLSQPK,light,20.27,0.25,19.98,20.64,9090039,III,20.27,0.25,c,20.27,20.27,20.27,20.27,20.27,20.27,20.27,20.27,20.27,20.27,20.27
GFCGLSQPK,light,20.27,0.25,19.92,20.62,9739660,,20.27,0.25,d,20.27,20.27,20.27,20.27,20.27,20.27,20.27,20.27,20.27,20.27,20.27
GFCGLSQPK,light,20.16,0.24,19.87,20.53,9747864,,20.16,0.24,e,20.16,20.16,20.16,20.16,20.16,20.16,20.16,20.16,20.16,20.16,20.16
GFCGLSQPK,light,20.33,0.25,20.01,20.67,10999008,,20.33,0.25,f,20.33,20.33,20.33,20.33,20.33,20.33,20.33,20.33,20.33,20.33,20.33
GFCGLSQPK,light,20.41,0.23,20.07,20.76,10031835,,20.41,0.23,g,20.41,20.41,20.41,20.41,20.41,20.41,20.41,20.41,20.41,20.41,20.41
GFCGLSQPK,light,20.16,0.24,19.87,20.53,9747864,,20.16,0.24,h,20.16,20.16,20.16,20.16,20.16,20.16,20.16,20.16,20.16,20.16,20.16
VGPLLACLLGR,light,44.83,0.32,44.43,45.38,12932612,J,44.83,0.32,a,44.83,44.83,44.83,44.83,44.83,44.83,44.83,44.83,44.83,44.83,44.83
VGPLLACLLGR,light,44.86,0.34,44.4,45.41,12676495,K,44.86,0.34,b,44.86,44.86,44.86,44.86,44.86,44.86,44.86,44.86,44.86,44.86,44.86
VGPLLACLLGR,light,44.86,0.35,44.37,45.35,17017482,L,44.86,0.35,c,44.86,44.86,44.86,44.86,44.86,44.86,44.86,44.86,44.86,44.86,44.86
VGPLLACLLGR,light,44.95,0.41,44.37,45.38,9026942,,44.95,0.41,d,44.95,44.95,44.95,44.95,44.95,44.95,44.95,44.95,44.95,44.95,44.95
VGPLLACLLGR,light,44.83,0.33,44.4,45.35,10903818,,44.83,0.33,e,44.83,44.83,44.83,44.83,44.83,44.83,44.83,44.83,44.83,44.83,44.83
VGPLLACLLGR,light,44.98,0.32,44.54,45.46,12963137,,44.98,0.32,f,44.98,44.98,44.98,44.98,44.98,44.98,44.98,44.98,44.98,44.98,44.98
VGPLLACLLGR,light,44.95,0.33,44.49,45.46,16156410,,44.95,0.33,g,44.95,44.95,44.95,44.95,44.95,44.95,44.95,44.95,44.95,44.95,44.95
VGPLLACLLGR,light,45.03,0.34,44.54,45.49,15646699,,45.03,0.34,h,45.03,45.03,45.03,45.03,45.03,45.03,45.03,45.03,45.03,45.03,45.03
VGPLLACLLGR,light,45,0.33,44.51,45.44,15251151,,45,0.33,a,45,45,45,45,45,45,45,45,45,45,45
VGPLLACLLGR,light,45.03,0.22,44.49,45.38,5170961,,45.03,0.22,b,45.03,45.03,45.03,45.03,45.03,45.03,45.03,45.03,45.03,45.03,45.03
VGPLLACLLGR,light,44.8,0.33,44.37,45.35,13560157,,44.8,0.33,c,44.8,44.8,44.8,44.8,44.8,44.8,44.8,44.8,44.8,44.8,44.8
VGPLLACLLGR,light,44.92,0.34,44.46,45.46,14003584,,44.92,0.34,d,44.92,44.92,44.92,44.92,44.92,44.92,44.92,44.92,44.92,44.92,44.92
VGPLLACLLGR,light,45.03,0.34,44.57,45.52,18325534,,45.03,0.34,e,45.03,45.03,45.03,45.03,45.03,45.03,45.03,45.03,45.03,45.03,45.03
VGPLLACLLGR,light,44.89,0.3,44.43,45.55,5945211,,44.89,0.3,f,44.89,44.89,44.89,44.89,44.89,44.89,44.89,44.89,44.89,44.89,44.89
VGPLLACLLGR,light,44.83,0.34,44.37,45.35,19595658,JJ,44.83,0.34,g,44.83,44.83,44.83,44.83,44.83,44.83,44.83,44.83,44.83,44.83,44.83
VGPLLACLLGR,light,44.92,0.34,44.49,45.41,18806864,KK,44.92,0.34,h,44.92,44.92,44.92,44.92,44.92,44.92,44.92,44.92,44.92,44.92,44.92
VGPLLACLLGR,light,45.06,0.35,44.57,45.52,18246826,LL,45.06,0.35,a,45.06,45.06,45.06,45.06,45.06,45.06,45.06,45.06,45.06,45.06,45.06
VGPLLACLLGR,light,45,0.33,44.57,45.55,17973358,,45,0.33,b,45,45,45,45,45,45,45,45,45,45,45
VGPLLACLLGR,light,45.26,0.32,44.77,45.72,18271102,,45.26,0.32,c,45.26,45.26,45.26,45.26,45.26,45.26,45.26,45.26,45.26,45.26,45.26
VGPLLACLLGR,light,45.21,0.36,44.8,46.1,16449821,,45.21,0.36,d,45.21,45.21,45.21,45.21,45.21,45.21,45.21,45.21,45.21,45.21,45.21
VGPLLACLLGR,light,45.18,0.34,44.77,45.7,18293020,,45.18,0.34,e,45.18,45.18,45.18,45.18,45.18,45.18,45.18,45.18,45.18,45.18,45.18
VGPLLACLLGR,light,45.06,0.31,44.6,45.55,12821239,,45.06,0.31,f,45.06,45.06,45.06,45.06,45.06,45.06,45.06,45.06,45.06,45.06,45.06
VGPLLACLLGR,light,45.18,0.37,44.69,45.67,18844424,,45.18,0.37,g,45.18,45.18,45.18,45.18,45.18,45.18,45.18,45.18,45.18,45.18,45.18
VGPLLACLLGR,light,45.15,0.33,44.72,45.67,19422164,,45.15,0.33,h,45.15,45.15,45.15,45.15,45.15,45.15,45.15,45.15,45.15,45.15,45.15
VGPLLACLLGR,light,44.95,0.32,44.57,45.52,7484270,,44.95,0.32,a,44.95,44.95,44.95,44.95,44.95,44.95,44.95,44.95,44.95,44.95,44.95
VGPLLACLLGR,light,45,0.3,44.54,45.49,18325056,,45,0.3,b,45,45,45,45,45,45,45,45,45,45,45
VGPLLACLLGR,light,44.86,0.32,44.37,45.29,16771666,,44.86,0.32,c,44.86,44.86,44.86,44.86,44.86,44.86,44.86,44.86,44.86,44.86,44.86
VGPLLACLLGR,light,44.89,0.34,44.43,45.41,16148787,,44.89,0.34,d,44.89,44.89,44.89,44.89,44.89,44.89,44.89,44.89,44.89,44.89,44.89
VGPLLACLLGR,light,44.95,0.35,44.49,45.46,16673945,,44.95,0.35,e,44.95,44.95,44.95,44.95,44.95,44.95,44.95,44.95,44.95,44.95,44.95
VGPLLACLLGR,light,45.21,0.34,44.72,45.7,16748039,,45.21,0.34,f,45.21,45.21,45.21,45.21,45.21,45.21,45.21,45.21,45.21,45.21,45.21
VGPLLACLLGR,light,44.98,0.34,44.51,45.49,15895894,,44.98,0.34,g,44.98,44.98,44.98,44.98,44.98,44.98,44.98,44.98,44.98,44.98,44.98
VGPLLACLLGR,light,44.92,0.34,44.46,45.41,16809598,,44.92,0.34,h,44.92,44.92,44.92,44.92,44.92,44.92,44.92,44.92,44.92,44.92,44.92
VGPLLACLLGR,light,44.92,0.34,44.46,45.41,16885026,,44.92,0.34,a,44.92,44.92,44.92,44.92,44.92,44.92,44.92,44.92,44.92,44.92,44.92
VGPLLACLLGR,light,45.06,0.34,44.6,45.58,18747026,,45.06,0.34,b,45.06,45.06,45.06,45.06,45.06,45.06,45.06,45.06,45.06,45.06,45.06
VGPLLACLLGR,light,44.92,0.34,44.49,45.46,17830640,,44.92,0.34,c,44.92,44.92,44.92,44.92,44.92,44.92,44.92,44.92,44.92,44.92,44.92
VGPLLACLLGR,light,44.89,0.36,44.43,45.41,19913622,,44.89,0.36,d,44.89,44.89,44.89,44.89,44.89,44.89,44.89,44.89,44.89,44.89,44.89
VGPLLACLLGR,light,44.92,0.3,44.49,45.44,18286132,,44.92,0.3,e,44.92,44.92,44.92,44.92,44.92,44.92,44.92,44.92,44.92,44.92,44.92
VGPLLACLLGR,light,45,0.34,44.49,45.49,19219338,,45,0.34,f,45,45,45,45,45,45,45,45,45,45,45
VGPLLACLLGR,light,44.74,0.29,44.28,45.23,4693060,,44.74,0.29,g,44.74,44.74,44.74,44.74,44.74,44.74,44.74,44.74,44.74,44.74,44.74
VGPLLACLLGR,light,44.72,0.31,44.14,45.06,7855591,,44.72,0.31,h,44.72,44.72,44.72,44.72,44.72,44.72,44.72,44.72,44.72,44.72,44.72
VGPLLACLLGR,light,44.74,0.38,44.26,45.32,17421792,,44.74,0.38,a,44.74,44.74,44.74,44.74,44.74,44.74,44.74,44.74,44.74,44.74,44.74
VGPLLACLLGR,light,44.74,0.33,44.28,45.26,17186572,,44.74,0.33,b,44.74,44.74,44.74,44.74,44.74,44.74,44.74,44.74,44.74,44.74,44.74
VGPLLACLLGR,light,44.54,0.37,44.14,44.95,17341754,,44.54,0.37,c,44.54,44.54,44.54,44.54,44.54,44.54,44.54,44.54,44.54,44.54,44.54
VGPLLACLLGR,light,44.77,0.36,44.28,45.29,18684972,,44.77,0.36,d,44.77,44.77,44.77,44.77,44.77,44.77,44.77,44.77,44.77,44.77,44.77
VGPLLACLLGR,light,44.74,0.33,44.28,45.26,17186572,,44.74,0.33,e,44.74,44.74,44.74,44.74,44.74,44.74,44.74,44.74,44.74,44.74,44.74
VLDALDSIK,light,26.06,0.32,25.68,26.55,92635128,,26.06,0.32,f,26.06,26.06,26.06,26.06,26.06,26.06,26.06,26.06,26.06,26.06,26.06
VLDALDSIK,light,26.17,0.34,25.77,26.69,106719360,,26.17,0.34,g,26.17,26.17,26.17,26.17,26.17,26.17,26.17,26.17,26.17,26.17,26.17
VLDALDSIK,light,25.97,0.32,25.57,26.46,94026904,,25.97,0.32,h,25.97,25.97,25.97,25.97,25.97,25.97,25.97,25.97,25.97,25.97,25.97
VLDALDSIK,light,25.97,0.32,25.6,26.46,104814840,,25.97,0.32,a,25.97,25.97,25.97,25.97,25.97,25.97,25.97,25.97,25.97,25.97,25.97
VLDALDSIK,light,26,0.32,25.63,26.49,103366200,,26,0.32,b,26,26,26,26,26,26,26,26,26,26,26
VLDALDSIK,light,26.26,0.33,25.83,26.72,110789328,,26.26,0.33,c,26.26,26.26,26.26,26.26,26.26,26.26,26.26,26.26,26.26,26.26,26.26
VLDALDSIK,light,26.26,0.34,25.89,26.75,110077192,,26.26,0.34,d,26.26,26.26,26.26,26.26,26.26,26.26,26.26,26.26,26.26,26.26,26.26
VLDALDSIK,light,26.29,0.32,25.91,26.78,106313576,,26.29,0.32,e,26.29,26.29,26.29,26.29,26.29,26.29,26.29,26.29,26.29,26.29,26.29
VLDALDSIK,light,26.29,0.33,25.91,26.78,109422752,,26.29,0.33,f,26.29,26.29,26.29,26.29,26.29,26.29,26.29,26.29,26.29,26.29,26.29
VLDALDSIK,light,26,0.33,25.6,26.49,116613408,,26,0.33,g,26,26,26,26,26,26,26,26,26,26,26
VLDALDSIK,light,25.97,0.34,25.57,26.46,114428216,,25.97,0.34,h,25.97,25.97,25.97,25.97,25.97,25.97,25.97,25.97,25.97,25.97,25.97
VLDALDSIK,light,26.2,0.34,25.8,26.69,110902480,,26.2,0.34,a,26.2,26.2,26.2,26.2,26.2,26.2,26.2,26.2,26.2,26.2,26.2
VLDALDSIK,light,26.29,0.33,25.91,26.78,113318608,,26.29,0.33,b,26.29,26.29,26.29,26.29,26.29,26.29,26.29,26.29,26.29,26.29,26.29
VLDALDSIK,light,26.03,0.34,25.65,26.52,103102928,,26.03,0.34,c,26.03,26.03,26.03,26.03,26.03,26.03,26.03,26.03,26.03,26.03,26.03
VLDALDSIK,light,25.94,0.33,25.54,26.46,105340496,,25.94,0.33,d,25.94,25.94,25.94,25.94,25.94,25.94,25.94,25.94,25.94,25.94,25.94
VLDALDSIK,light,26.09,0.33,25.68,26.58,108161336,,26.09,0.33,e,26.09,26.09,26.09,26.09,26.09,26.09,26.09,26.09,26.09,26.09,26.09
VLDALDSIK,light,26.17,0.34,25.74,26.66,107697640,,26.17,0.34,f,26.17,26.17,26.17,26.17,26.17,26.17,26.17,26.17,26.17,26.17,26.17
VLDALDSIK,light,26.09,0.33,25.68,26.55,105283144,,26.09,0.33,g,26.09,26.09,26.09,26.09,26.09,26.09,26.09,26.09,26.09,26.09,26.09
VLDALDSIK,light,26.32,0.32,25.94,26.78,99372984,,26.32,0.32,h,26.32,26.32,26.32,26.32,26.32,26.32,26.32,26.32,26.32,26.32,26.32
VLDALDSIK,light,26.35,0.32,25.94,26.81,97776704,,26.35,0.32,a,26.35,26.35,26.35,26.35,26.35,26.35,26.35,26.35,26.35,26.35,26.35
VLDALDSIK,light,26.26,0.33,25.86,26.75,103575424,,26.26,0.33,b,26.26,26.26,26.26,26.26,26.26,26.26,26.26,26.26,26.26,26.26,26.26
VLDALDSIK,light,26.17,0.33,25.77,26.66,100293248,,26.17,0.33,c,26.17,26.17,26.17,26.17,26.17,26.17,26.17,26.17,26.17,26.17,26.17
VLDALDSIK,light,26.26,0.31,25.89,26.75,92191792,,26.26,0.31,d,26.26,26.26,26.26,26.26,26.26,26.26,26.26,26.26,26.26,26.26,26.26
VLDALDSIK,light,26.29,0.32,25.89,26.78,98454280,,26.29,0.32,e,26.29,26.29,26.29,26.29,26.29,26.29,26.29,26.29,26.29,26.29,26.29
VLDALDSIK,light,26.14,0.33,25.77,26.63,103911288,,26.14,0.33,f,26.14,26.14,26.14,26.14,26.14,26.14,26.14,26.14,26.14,26.14,26.14
VLDALDSIK,light,26.23,0.34,25.83,26.72,97569344,,26.23,0.34,g,26.23,26.23,26.23,26.23,26.23,26.23,26.23,26.23,26.23,26.23,26.23
VLDALDSIK,light,26.06,0.33,25.68,26.55,95908608,,26.06,0.33,h,26.06,26.06,26.06,26.06,26.06,26.06,26.06,26.06,26.06,26.06,26.06
VLDALDSIK,light,26.03,0.34,25.63,26.52,94607800,,26.03,0.34,a,26.03,26.03,26.03,26.03,26.03,26.03,26.03,26.03,26.03,26.03,26.03
VLDALDSIK,light,26.03,0.33,25.68,26.55,93581584,,26.03,0.33,b,26.03,26.03,26.03,26.03,26.03,26.03,26.03,26.03,26.03,26.03,26.03
VLDALDSIK,light,26.32,0.33,25.89,26.78,104721512,,26.32,0.33,c,26.32,26.32,26.32,26.32,26.32,26.32,26.32,26.32,26.32,26.32,26.32
VLDALDSIK,light,26.03,0.34,25.65,26.55,101839200,,26.03,0.34,d,26.03,26.03,26.03,26.03,26.03,26.03,26.03,26.03,26.03,26.03,26.03
VLDALDSIK,light,26.12,0.32,25.68,26.58,95659384,,26.12,0.32,e,26.12,26.12,26.12,26.12,26.12,26.12,26.12,26.12,26.12,26.12,26.12
VLDALDSIK,light,26.06,0.32,25.65,26.52,93910528,,26.06,0.32,f,26.06,26.06,26.06,26.06,26.06,26.06,26.06,26.06,26.06,26.06,26.06
VLDALDSIK,light,26.17,0.32,25.8,26.66,100441776,,26.17,0.32,g,26.17,26.17,26.17,26.17,26.17,26.17,26.17,26.17,26.17,26.17,26.17
VLDALDSIK,light,26.03,0.35,25.57,26.55,96219904,,26.03,0.35,h,26.03,26.03,26.03,26.03,26.03,26.03,26.03,26.03,26.03,26.03,26.03
VLDALDSIK,light,26.06,0.33,25.68,26.52,109971264,,26.06,0.33,a,26.06,26.06,26.06,26.06,26.06,26.06,26.06,26.06,26.06,26.06,26.06
VLDALDSIK,light,26.17,0.31,25.77,26.63,91463656,,26.17,0.31,b,26.17,26.17,26.17,26.17,26.17,26.17,26.17,26.17,26.17,26.17,26.17
VLDALDSIK,light,26.14,0.33,25.74,26.63,91764592,,26.14,0.33,c,26.14,26.14,26.14,26.14,26.14,26.14,26.14,26.14,26.14,26.14,26.14
VLDALDSIK,light,26.03,0.33,25.63,26.55,96162440,,26.03,0.33,d,26.03,26.03,26.03,26.03,26.03,26.03,26.03,26.03,26.03,26.03,26.03
VLDALDSIK,light,25.97,0.33,25.57,26.46,83011008,,25.97,0.33,e,25.97,25.97,25.97,25.97,25.97,25.97,25.97,25.97,25.97,25.97,25.97
VLDALDSIK,light,26,0.33,25.57,26.49,87121784,,26,0.33,f,26,26,26,26,26,26,26,26,26,26,26
VLDALDSIK,light,26,0.37,25.51,26.52,81892080,,26,0.37,g,26,26,26,26,26,26,26,26,26,26,26
VLDALDSIK,light,26,0.33,25.65,26.52,94019904,,26,0.33,h,26,26,26,26,26,26,26,26,26,26,26
VLDALDSIK,light,26.12,0.33,25.71,26.61,89711104,,26.12,0.33,a,26.12,26.12,26.12,26.12,26.12,26.12,26.12,26.12,26.12,26.12,26.12
VLDALDSIK,light,26,0.37,25.51,26.52,81892080,,26,0.37,b,26,26,26,26,26,26,26,26,26,26,26
YSTDVSVDEVK,light,19.15,0.18,18.92,19.38,21851572,,19.15,0.18,c,19.15,19.15,19.15,19.15,19.15,19.15,19.15,19.15,19.15,19.15,19.15
YSTDVSVDEVK,light,19.12,0.17,18.89,19.38,21101500,,19.12,0.17,d,19.12,19.12,19.12,19.12,19.12,19.12,19.12,19.12,19.12,19.12,19.12
YSTDVSVDEVK,light,19.09,0.17,18.89,19.38,21250248,,19.09,0.17,e,19.09,19.09,19.09,19.09,19.09,19.09,19.09,19.09,19.09,19.09,19.09
YSTDVSVDEVK,light,19.12,0.18,18.89,19.38,21811052,,19.12,0.18,f,19.12,19.12,19.12,19.12,19.12,19.12,19.12,19.12,19.12,19.12,19.12
YSTDVSVDEVK,light,19.12,0.17,18.89,19.38,20517460,,19.12,0.17,g,19.12,19.12,19.12,19.12,19.12,19.12,19.12,19.12,19.12,19.12,19.12
YSTDVSVDEVK,light,19.21,0.17,18.97,19.46,20241130,,19.21,0.17,h,19.21,19.21,19.21,19.21,19.21,19.21,19.21,19.21,19.21,19.21,19.21
YSTDVSVDEVK,light,19.23,0.18,19,19.49,22472950,,19.23,0.18,a,19.23,19.23,19.23,19.23,19.23,19.23,19.23,19.23,19.23,19.23,19.23
YSTDVSVDEVK,light,19.23,0.17,19,19.49,19460264,,19.23,0.17,b,19.23,19.23,19.23,19.23,19.23,19.23,19.23,19.23,19.23,19.23,19.23
YSTDVSVDEVK,light,19.26,0.18,19.03,19.55,22010022,,19.26,0.18,c,19.26,19.26,19.26,19.26,19.26,19.26,19.26,19.26,19.26,19.26,19.26
YSTDVSVDEVK,light,19.12,0.17,18.89,19.41,24260326,,19.12,0.17,d,19.12,19.12,19.12,19.12,19.12,19.12,19.12,19.12,19.12,19.12,19.12
YSTDVSVDEVK,light,19.06,0.17,18.86,19.35,22778116,,19.06,0.17,e,19.06,19.06,19.06,19.06,19.06,19.06,19.06,19.06,19.06,19.06,19.06
YSTDVSVDEVK,light,19.12,0.17,18.92,19.38,22801776,,19.12,0.17,f,19.12,19.12,19.12,19.12,19.12,19.12,19.12,19.12,19.12,19.12,19.12
YSTDVSVDEVK,light,19.26,0.17,19.03,19.52,22765222,,19.26,0.17,g,19.26,19.26,19.26,19.26,19.26,19.26,19.26,19.26,19.26,19.26,19.26
YSTDVSVDEVK,light,19.18,0.18,18.92,19.44,18550682,,19.18,0.18,h,19.18,19.18,19.18,19.18,19.18,19.18,19.18,19.18,19.18,19.18,19.18
YSTDVSVDEVK,light,19.09,0.18,18.86,19.35,17816968,,19.09,0.18,a,19.09,19.09,19.09,19.09,19.09,19.09,19.09,19.09,19.09,19.09,19.09
YSTDVSVDEVK,light,19.15,0.18,18.89,19.41,17332828,,19.15,0.18,b,19.15,19.15,19.15,19.15,19.15,19.15,19.15,19.15,19.15,19.15,19.15
YSTDVSVDEVK,light,19.21,0.18,18.97,19.49,18895580,,19.21,0.18,c,19.21,19.21,19.21,19.21,19.21,19.21,19.21,19.21,19.21,19.21,19.21
YSTDVSVDEVK,light,19.29,0.17,19.03,19.55,18061934,,19.29,0.17,d,19.29,19.29,19.29,19.29,19.29,19.29,19.29,19.29,19.29,19.29,19.29
YSTDVSVDEVK,light,19.38,0.18,19.15,19.64,17613008,,19.38,0.18,e,19.38,19.38,19.38,19.38,19.38,19.38,19.38,19.38,19.38,19.38,19.38
YSTDVSVDEVK,light,19.44,0.17,19.21,19.69,17415972,,19.44,0.17,f,19.44,19.44,19.44,19.44,19.44,19.44,19.44,19.44,19.44,19.44,19.44
YSTDVSVDEVK,light,19.35,0.17,19.09,19.64,17986750,,19.35,0.17,g,19.35,19.35,19.35,19.35,19.35,19.35,19.35,19.35,19.35,19.35,19.35
YSTDVSVDEVK,light,19.32,0.17,19.12,19.61,17054306,,19.32,0.17,h,19.32,19.32,19.32,19.32,19.32,19.32,19.32,19.32,19.32,19.32,19.32
YSTDVSVDEVK,light,19.44,0.17,19.21,19.69,16695092,,19.44,0.17,a,19.44,19.44,19.44,19.44,19.44,19.44,19.44,19.44,19.44,19.44,19.44
YSTDVSVDEVK,light,19.44,0.17,19.21,19.69,17043606,,19.44,0.17,b,19.44,19.44,19.44,19.44,19.44,19.44,19.44,19.44,19.44,19.44,19.44
YSTDVSVDEVK,light,19.32,0.17,19.12,19.61,18539452,,19.32,0.17,c,19.32,19.32,19.32,19.32,19.32,19.32,19.32,19.32,19.32,19.32,19.32
YSTDVSVDEVK,light,19.23,0.18,19,19.52,17026164,,19.23,0.18,d,19.23,19.23,19.23,19.23,19.23,19.23,19.23,19.23,19.23,19.23,19.23
YSTDVSVDEVK,light,19.12,0.17,18.89,19.38,17919724,,19.12,0.17,e,19.12,19.12,19.12,19.12,19.12,19.12,19.12,19.12,19.12,19.12,19.12
YSTDVSVDEVK,light,19.09,0.17,18.86,19.35,16762766,,19.09,0.17,f,19.09,19.09,19.09,19.09,19.09,19.09,19.09,19.09,19.09,19.09,19.09
YSTDVSVDEVK,light,19.18,0.18,18.95,19.46,16841998,,19.18,0.18,g,19.18,19.18,19.18,19.18,19.18,19.18,19.18,19.18,19.18,19.18,19.18
YSTDVSVDEVK,light,19.41,0.17,19.18,19.67,19821326,,19.41,0.17,h,19.41,19.41,19.41,19.41,19.41,19.41,19.41,19.41,19.41,19.41,19.41
YSTDVSVDEVK,light,19.26,0.16,19.03,19.55,17722586,,19.26,0.16,a,19.26,19.26,19.26,19.26,19.26,19.26,19.26,19.26,19.26,19.26,19.26
YSTDVSVDEVK,light,19.26,0.17,19.03,19.55,16787834,,19.26,0.17,b,19.26,19.26,19.26,19.26,19.26,19.26,19.26,19.26,19.26,19.26,19.26
YSTDVSVDEVK,light,19.18,0.17,18.92,19.44,16622039,,19.18,0.17,c,19.18,19.18,19.18,19.18,19.18,19.18,19.18,19.18,19.18,19.18,19.18
YSTDVSVDEVK,light,19.32,0.17,19.09,19.58,17917742,,19.32,0.17,d,19.32,19.32,19.32,19.32,19.32,19.32,19.32,19.32,19.32,19.32,19.32
YSTDVSVDEVK,light,19.21,0.17,18.97,19.49,16295414,,19.21,0.17,e,19.21,19.21,19.21,19.21,19.21,19.21,19.21,19.21,19.21,19.21,19.21
YSTDVSVDEVK,light,19.32,0.17,19.09,19.61,22306548,,19.32,0.17,f,19.32,19.32,19.32,19.32,19.32,19.32,19.32,19.32,19.32,19.32,19.32
YSTDVSVDEVK,light,19.32,0.17,19.09,19.58,16584431,,19.32,0.17,g,19.32,19.32,19.32,19.32,19.32,19.32,19.32,19.32,19.32,19.32,19.32
YSTDVSVDEVK,light,19.35,0.17,19.12,19.61,15530478,,19.35,0.17,h,19.35,19.35,19.35,19.35,19.35,19.35,19.35,19.35,19.35,19.35,19.35
YSTDVSVDEVK,light,19.35,0.17,19.09,19.61,16708505,,19.35,0.17,a,19.35,19.35,19.35,19.35,19.35,19.35,19.35,19.35,19.35,19.35,19.35
YSTDVSVDEVK,light,19.21,0.18,18.97,19.49,15208408,,19.21,0.18,b,19.21,19.21,19.21,19.21,19.21,19.21,19.21,19.21,19.21,19.21,19.21
YSTDVSVDEVK,light,19.18,0.18,18.95,19.46,15515972,,19.18,0.18,c,19.18,19.18,19.18,19.18,19.18,19.18,19.18,19.18,19.18,19.18,19.18
YSTDVSVDEVK,light,19.09,0.17,18.86,19.38,15603782,,19.09,0.17,d,19.09,19.09,19.09,19.09,19.09,19.09,19.09,19.09,19.09,19.09,19.09
YSTDVSVDEVK,light,19.26,0.17,19.03,19.55,16038252,,19.26,0.17,e,19.26,19.26,19.26,19.26,19.26,19.26,19.26,19.26,19.26,19.26,19.26
YSTDVSVDEVK,light,19.32,0.17,19.09,19.61,15825209,,19.32,0.17,f,19.32,19.32,19.32,19.32,19.32,19.32,19.32,19.32,19.32,19.32,19.32
YSTDVSVDEVK,light,19.09,0.17,18.86,19.38,15603782,,19.09,0.17,g,19.09,19.09,19.09,19.09,19.09,19.09,19.09,19.09,19.09,19.09,19.09
DDGSWEVIEGYR,light,32.22,0.31,31.82,32.74,9549161,,32.22,0.31,h,32.22,32.22,32.22,32.22,32.22,32.22,32.22,32.22,32.22,32.22,32.22
DDGSWEVIEGYR,light,32.36,0.31,31.9,32.82,9374093,,32.36,0.31,a,32.36,32.36,32.36,32.36,32.36,32.36,32.36,32.36,32.36,32.36,32.36
DDGSWEVIEGYR,light,32.22,0.31,31.73,32.8,8914831,,32.22,0.31,b,32.22,32.22,32.22,32.22,32.22,32.22,32.22,32.22,32.22,32.22,32.22
DDGSWEVIEGYR,light,32.25,0.31,31.82,32.74,9266010,,32.25,0.31,c,32.25,32.25,32.25,32.25,32.25,32.25,32.25,32.25,32.25,32.25,32.25
DDGSWEVIEGYR,light,32.19,0.32,31.76,32.71,9231106,,32.19,0.32,d,32.19,32.19,32.19,32.19,32.19,32.19,32.19,32.19,32.19,32.19,32.19
DDGSWEVIEGYR,light,32.36,0.32,31.93,32.8,8999456,,32.36,0.32,e,32.36,32.36,32.36,32.36,32.36,32.36,32.36,32.36,32.36,32.36,32.36
DDGSWEVIEGYR,light,32.36,0.32,31.99,32.94,9278970,,32.36,0.32,f,32.36,32.36,32.36,32.36,32.36,32.36,32.36,32.36,32.36,32.36,32.36
DDGSWEVIEGYR,light,32.42,0.3,32.02,32.85,9375931,,32.42,0.3,g,32.42,32.42,32.42,32.42,32.42,32.42,32.42,32.42,32.42,32.42,32.42
DDGSWEVIEGYR,light,32.39,0.31,31.99,32.91,9411762,,32.39,0.31,h,32.39,32.39,32.39,32.39,32.39,32.39,32.39,32.39,32.39,32.39,32.39
DDGSWEVIEGYR,light,32.28,0.33,31.87,32.8,10220166,,32.28,0.33,a,32.28,32.28,32.28,32.28,32.28,32.28,32.28,32.28,32.28,32.28,32.28
DDGSWEVIEGYR,light,32.22,0.32,31.79,32.77,10216019,,32.22,0.32,b,32.22,32.22,32.22,32.22,32.22,32.22,32.22,32.22,32.22,32.22,32.22
DDGSWEVIEGYR,light,32.31,0.31,31.9,32.8,10026738,,32.31,0.31,c,32.31,32.31,32.31,32.31,32.31,32.31,32.31,32.31,32.31,32.31,32.31
DDGSWEVIEGYR,light,32.39,0.32,31.93,32.94,10325209,,32.39,0.32,d,32.39,32.39,32.39,32.39,32.39,32.39,32.39,32.39,32.39,32.39,32.39
DDGSWEVIEGYR,light,32.31,0.33,31.87,32.85,5970713,,32.31,0.33,e,32.31,32.31,32.31,32.31,32.31,32.31,32.31,32.31,32.31,32.31,32.31
DDGSWEVIEGYR,light,32.22,0.31,31.79,32.74,10046410,,32.22,0.31,f,32.22,32.22,32.22,32.22,32.22,32.22,32.22,32.22,32.22,32.22,32.22
DDGSWEVIEGYR,light,32.28,0.32,31.87,32.77,9268786,,32.28,0.32,g,32.28,32.28,32.28,32.28,32.28,32.28,32.28,32.28,32.28,32.28,32.28
DDGSWEVIEGYR,light,32.42,0.31,31.96,32.88,10052631,,32.42,0.31,h,32.42,32.42,32.42,32.42,32.42,32.42,32.42,32.42,32.42,32.42,32.42
DDGSWEVIEGYR,light,32.19,0.33,31.82,32.74,9694325,,32.19,0.33,a,32.19,32.19,32.19,32.19,32.19,32.19,32.19,32.19,32.19,32.19,32.19
DDGSWEVIEGYR,light,32.39,0.31,31.96,32.88,9297556,,32.39,0.31,b,32.39,32.39,32.39,32.39,32.39,32.39,32.39,32.39,32.39,32.39,32.39
DDGSWEVIEGYR,light,32.39,0.3,31.96,32.82,9008971,,32.39,0.3,c,32.39,32.39,32.39,32.39,32.39,32.39,32.39,32.39,32.39,32.39,32.39
DDGSWEVIEGYR,light,32.31,0.32,31.85,32.88,9329685,,32.31,0.32,d,32.31,32.31,32.31,32.31,32.31,32.31,32.31,32.31,32.31,32.31,32.31
DDGSWEVIEGYR,light,32.36,0.32,31.9,32.88,9929021,,32.36,0.32,e,32.36,32.36,32.36,32.36,32.36,32.36,32.36,32.36,32.36,32.36,32.36
DDGSWEVIEGYR,light,32.42,0.27,31.99,32.85,8588484,,32.42,0.27,f,32.42,32.42,32.42,32.42,32.42,32.42,32.42,32.42,32.42,32.42,32.42
DDGSWEVIEGYR,light,32.39,0.32,31.93,32.94,9018734,,32.39,0.32,g,32.39,32.39,32.39,32.39,32.39,32.39,32.39,32.39,32.39,32.39,32.39
DDGSWEVIEGYR,light,32.39,0.32,31.96,33.05,9859692,,32.39,0.32,h,32.39,32.39,32.39,32.39,32.39,32.39,32.39,32.39,32.39,32.39,32.39
DDGSWEVIEGYR,light,32.48,0.33,32.08,33.03,9007235,,32.48,0.33,a,32.48,32.48,32.48,32.48,32.48,32.48,32.48,32.48,32.48,32.48,32.48
DDGSWEVIEGYR,light,32.31,0.33,31.87,32.85,9143317,,32.31,0.33,b,32.31,32.31,32.31,32.31,32.31,32.31,32.31,32.31,32.31,32.31,32.31
DDGSWEVIEGYR,light,32.31,0.31,31.9,32.91,8814326,,32.31,0.31,c,32.31,32.31,32.31,32.31,32.31,32.31,32.31,32.31,32.31,32.31,32.31
DDGSWEVIEGYR,light,32.25,0.34,31.87,32.82,8741610,,32.25,0.34,d,32.25,32.25,32.25,32.25,32.25,32.25,32.25,32.25,32.25,32.25,32.25
DDGSWEVIEGYR,light,32.51,0.32,32.1,33.05,9670456,,32.51,0.32,e,32.51,32.51,32.51,32.51,32.51,32.51,32.51,32.51,32.51,32.51,32.51
DDGSWEVIEGYR,light,32.33,0.33,31.9,32.91,9916667,,32.33,0.33,f,32.33,32.33,32.33,32.33,32.33,32.33,32.33,32.33,32.33,32.33,32.33
DDGSWEVIEGYR,light,32.42,0.34,31.96,32.91,9319733,,32.42,0.34,g,32.42,32.42,32.42,32.42,32.42,32.42,32.42,32.42,32.42,32.42,32.42
DDGSWEVIEGYR,light,32.31,0.32,31.87,32.82,8950063,,32.31,0.32,h,32.31,32.31,32.31,32.31,32.31,32.31,32.31,32.31,32.31,32.31,32.31
DDGSWEVIEGYR,light,32.31,0.33,32.02,32.88,10275312,,32.31,0.33,a,32.31,32.31,32.31,32.31,32.31,32.31,32.31,32.31,32.31,32.31,32.31
DDGSWEVIEGYR,light,32.36,0.33,31.93,32.88,9093838,,32.36,0.33,b,32.36,32.36,32.36,32.36,32.36,32.36,32.36,32.36,32.36,32.36,32.36
DDGSWEVIEGYR,light,32.28,0.33,31.82,32.77,10509270,,32.28,0.33,c,32.28,32.28,32.28,32.28,32.28,32.28,32.28,32.28,32.28,32.28,32.28
DDGSWEVIEGYR,light,32.48,0.31,32.05,33,9022718,,32.48,0.31,d,32.48,32.48,32.48,32.48,32.48,32.48,32.48,32.48,32.48,32.48,32.48
DDGSWEVIEGYR,light,32.45,0.32,31.99,32.97,8872385,,32.45,0.32,e,32.45,32.45,32.45,32.45,32.45,32.45,32.45,32.45,32.45,32.45,32.45
DDGSWEVIEGYR,light,32.25,0.32,31.87,32.88,3094143,,32.25,0.32,f,32.25,32.25,32.25,32.25,32.25,32.25,32.25,32.25,32.25,32.25,32.25
DDGSWEVIEGYR,light,32.28,0.31,31.87,32.8,6027759,,32.28,0.31,g,32.28,32.28,32.28,32.28,32.28,32.28,32.28,32.28,32.28,32.28,32.28
DDGSWEVIEGYR,light,32.28,0.34,31.82,32.88,10162955,,32.28,0.34,h,32.28,32.28,32.28,32.28,32.28,32.28,32.28,32.28,32.28,32.28,32.28
DDGSWEVIEGYR,light,32.28,0.33,31.85,32.74,9207520,,32.28,0.33,a,32.28,32.28,32.28,32.28,32.28,32.28,32.28,32.28,32.28,32.28,32.28
DDGSWEVIEGYR,light,32.36,0.35,31.9,32.91,9794675,,32.36,0.35,b,32.36,32.36,32.36,32.36,32.36,32.36,32.36,32.36,32.36,32.36,32.36
DDGSWEVIEGYR,light,32.42,0.35,31.96,33.08,9626232,,32.42,0.35,c,32.42,32.42,32.42,32.42,32.42,32.42,32.42,32.42,32.42,32.42,32.42
DDGSWEVIEGYR,light,32.28,0.33,31.85,32.74,9207520,,32.28,0.33,d,32.28,32.28,32.28,32.28,32.28,32.28,32.28,32.28,32.28,32.28,32.28
CAVVDVPFGGAK,light,28.71,0.32,28.33,29.2,49242744,,28.71,0.32,e,28.71,28.71,28.71,28.71,28.71,28.71,28.71,28.71,28.71,28.71,28.71
CAVVDVPFGGAK,light,28.82,0.3,28.45,29.31,53316212,,28.82,0.3,f,28.82,28.82,28.82,28.82,28.82,28.82,28.82,28.82,28.82,28.82,28.82
CAVVDVPFGGAK,light,28.59,0.32,28.19,29.08,50248552,,28.59,0.32,g,28.59,28.59,28.59,28.59,28.59,28.59,28.59,28.59,28.59,28.59,28.59
CAVVDVPFGGAK,light,28.59,0.32,28.19,29.11,53865896,,28.59,0.32,h,28.59,28.59,28.59,28.59,28.59,28.59,28.59,28.59,28.59,28.59,28.59
CAVVDVPFGGAK,light,28.62,0.31,28.28,29.14,49522952,,28.62,0.31,a,28.62,28.62,28.62,28.62,28.62,28.62,28.62,28.62,28.62,28.62,28.62
CAVVDVPFGGAK,light,28.88,0.31,28.48,29.37,52744208,,28.88,0.31,b,28.88,28.88,28.88,28.88,28.88,28.88,28.88,28.88,28.88,28.88,28.88
CAVVDVPFGGAK,light,28.94,0.31,28.56,29.43,55682864,,28.94,0.31,c,28.94,28.94,28.94,28.94,28.94,28.94,28.94,28.94,28.94,28.94,28.94
CAVVDVPFGGAK,light,28.97,0.31,28.59,29.46,54087272,,28.97,0.31,d,28.97,28.97,28.97,28.97,28.97,28.97,28.97,28.97,28.97,28.97,28.97
CAVVDVPFGGAK,light,28.97,0.31,28.59,29.46,55412556,,28.97,0.31,e,28.97,28.97,28.97,28.97,28.97,28.97,28.97,28.97,28.97,28.97,28.97
CAVVDVPFGGAK,light,28.59,0.33,28.22,29.11,57255724,,28.59,0.33,f,28.59,28.59,28.59,28.59,28.59,28.59,28.59,28.59,28.59,28.59,28.59
CAVVDVPFGGAK,light,28.62,0.31,28.22,29.11,59493864,,28.62,0.31,g,28.62,28.62,28.62,28.62,28.62,28.62,28.62,28.62,28.62,28.62,28.62
CAVVDVPFGGAK,light,28.85,0.31,28.45,29.34,57221276,,28.85,0.31,h,28.85,28.85,28.85,28.85,28.85,28.85,28.85,28.85,28.85,28.85,28.85
CAVVDVPFGGAK,light,28.97,0.32,28.56,29.43,57336808,,28.97,0.32,a,28.97,28.97,28.97,28.97,28.97,28.97,28.97,28.97,28.97,28.97,28.97
CAVVDVPFGGAK,light,28.65,0.32,28.28,29.2,56001296,,28.65,0.32,b,28.65,28.65,28.65,28.65,28.65,28.65,28.65,28.65,28.65,28.65,28.65
CAVVDVPFGGAK,light,28.59,0.31,28.16,29.05,58529760,,28.59,0.31,c,28.59,28.59,28.59,28.59,28.59,28.59,28.59,28.59,28.59,28.59,28.59
CAVVDVPFGGAK,light,28.74,0.32,28.36,29.23,53813416,,28.74,0.32,d,28.74,28.74,28.74,28.74,28.74,28.74,28.74,28.74,28.74,28.74,28.74
CAVVDVPFGGAK,light,28.88,0.31,28.45,29.37,59258344,,28.88,0.31,e,28.88,28.88,28.88,28.88,28.88,28.88,28.88,28.88,28.88,28.88,28.88
CAVVDVPFGGAK,light,28.68,0.32,28.28,29.14,57026376,,28.68,0.32,f,28.68,28.68,28.68,28.68,28.68,28.68,28.68,28.68,28.68,28.68,28.68
CAVVDVPFGGAK,light,28.97,0.31,28.56,29.43,52837208,,28.97,0.31,g,28.97,28.97,28.97,28.97,28.97,28.97,28.97,28.97,28.97,28.97,28.97
CAVVDVPFGGAK,light,28.94,0.32,28.56,29.43,52615028,,28.94,0.32,h,28.94,28.94,28.94,28.94,28.94,28.94,28.94,28.94,28.94,28.94,28.94
CAVVDVPFGGAK,light,28.91,0.31,28.51,29.37,52164624,,28.91,0.31,a,28.91,28.91,28.91,28.91,28.91,28.91,28.91,28.91,28.91,28.91,28.91
CAVVDVPFGGAK,light,28.76,0.31,28.39,29.28,51825692,,28.76,0.31,b,28.76,28.76,28.76,28.76,28.76,28.76,28.76,28.76,28.76,28.76,28.76
CAVVDVPFGGAK,light,28.91,0.23,28.51,29.37,41090540,,28.91,0.23,c,28.91,28.91,28.91,28.91,28.91,28.91,28.91,28.91,28.91,28.91,28.91
CAVVDVPFGGAK,light,28.94,0.32,28.53,29.43,50729652,,28.94,0.32,d,28.94,28.94,28.94,28.94,28.94,28.94,28.94,28.94,28.94,28.94,28.94
CAVVDVPFGGAK,light,28.79,0.33,28.42,29.31,54408544,,28.79,0.33,e,28.79,28.79,28.79,28.79,28.79,28.79,28.79,28.79,28.79,28.79,28.79
CAVVDVPFGGAK,light,28.94,0.32,28.51,29.4,49490488,,28.94,0.32,f,28.94,28.94,28.94,28.94,28.94,28.94,28.94,28.94,28.94,28.94,28.94
CAVVDVPFGGAK,light,28.74,0.32,28.33,29.23,49279024,,28.74,0.32,g,28.74,28.74,28.74,28.74,28.74,28.74,28.74,28.74,28.74,28.74,28.74
CAVVDVPFGGAK,light,28.74,0.32,28.33,29.23,48145048,,28.74,0.32,h,28.74,28.74,28.74,28.74,28.74,28.74,28.74,28.74,28.74,28.74,28.74
CAVVDVPFGGAK,light,28.68,0.3,28.3,29.17,48558064,,28.68,0.3,a,28.68,28.68,28.68,28.68,28.68,28.68,28.68,28.68,28.68,28.68,28.68
CAVVDVPFGGAK,light,28.94,0.31,28.53,29.43,52650696,,28.94,0.31,b,28.94,28.94,28.94,28.94,28.94,28.94,28.94,28.94,28.94,28.94,28.94
CAVVDVPFGGAK,light,28.71,0.32,28.3,29.17,53189988,,28.71,0.32,c,28.71,28.71,28.71,28.71,28.71,28.71,28.71,28.71,28.71,28.71,28.71
CAVVDVPFGGAK,light,28.76,0.32,28.36,29.28,49377368,,28.76,0.32,d,28.76,28.76,28.76,28.76,28.76,28.76,28.76,28.76,28.76,28.76,28.76
CAVVDVPFGGAK,light,28.68,0.31,28.28,29.17,48503924,,28.68,0.31,e,28.68,28.68,28.68,28.68,28.68,28.68,28.68,28.68,28.68,28.68,28.68
CAVVDVPFGGAK,light,28.79,0.31,28.45,29.31,47591744,,28.79,0.31,f,28.79,28.79,28.79,28.79,28.79,28.79,28.79,28.79,28.79,28.79,28.79
CAVVDVPFGGAK,light,28.71,0.31,28.3,29.2,49079208,,28.71,0.31,g,28.71,28.71,28.71,28.71,28.71,28.71,28.71,28.71,28.71,28.71,28.71
CAVVDVPFGGAK,light,28.76,0.31,28.39,29.25,55474500,,28.76,0.31,h,28.76,28.76,28.76,28.76,28.76,28.76,28.76,28.76,28.76,28.76,28.76
CAVVDVPFGGAK,light,28.74,0.32,28.36,29.28,46940704,,28.74,0.32,a,28.74,28.74,28.74,28.74,28.74,28.74,28.74,28.74,28.74,28.74,28.74
CAVVDVPFGGAK,light,28.82,0.32,28.42,29.31,48237704,,28.82,0.32,b,28.82,28.82,28.82,28.82,28.82,28.82,28.82,28.82,28.82,28.82,28.82
CAVVDVPFGGAK,light,28.74,0.32,28.3,29.2,50105088,,28.74,0.32,c,28.74,28.74,28.74,28.74,28.74,28.74,28.74,28.74,28.74,28.74,28.74
CAVVDVPFGGAK,light,28.62,0.32,28.22,29.11,47395172,,28.62,0.32,d,28.62,28.62,28.62,28.62,28.62,28.62,28.62,28.62,28.62,28.62,28.62
CAVVDVPFGGAK,light,28.71,0.32,28.28,29.2,48542608,,28.71,0.32,e,28.71,28.71,28.71,28.71,28.71,28.71,28.71,28.71,28.71,28.71,28.71
CAVVDVPFGGAK,light,28.65,0.33,28.25,29.14,47387812,,28.65,0.33,f,28.65,28.65,28.65,28.65,28.65,28.65,28.65,28.65,28.65,28.65,28.65
CAVVDVPFGGAK,light,28.68,0.31,28.25,29.14,51877956,,28.68,0.31,g,28.68,28.68,28.68,28.68,28.68,28.68,28.68,28.68,28.68,28.68,28.68
CAVVDVPFGGAK,light,28.79,0.32,28.39,29.31,48570416,,28.79,0.32,h,28.79,28.79,28.79,28.79,28.79,28.79,28.79,28.79,28.79,28.79,28.79
CAVVDVPFGGAK,light,28.65,0.33,28.25,29.14,47387812,,28.65,0.33,a,28.65,28.65,28.65,28.65,28.65,28.65,28.65,28.65,28.65,28.65,28.65
YNLGLDLR,light,29.02,0.32,28.62,29.48,47565116,,29.02,0.32,b,29.02,29.02,29.02,29.02,29.02,29.02,29.02,29.02,29.02,29.02,29.02
YNLGLDLR,light,29.14,0.31,28.76,29.63,50889488,,29.14,0.31,c,29.14,29.14,29.14,29.14,29.14,29.14,29.14,29.14,29.14,29.14,29.14
YNLGLDLR,light,28.94,0.3,28.53,29.4,47268156,,28.94,0.3,d,28.94,28.94,28.94,28.94,28.94,28.94,28.94,28.94,28.94,28.94,28.94
YNLGLDLR,light,28.97,0.32,28.53,29.43,50508736,,28.97,0.32,e,28.97,28.97,28.97,28.97,28.97,28.97,28.97,28.97,28.97,28.97,28.97
YNLGLDLR,light,28.97,0.31,28.56,29.43,47339040,,28.97,0.31,f,28.97,28.97,28.97,28.97,28.97,28.97,28.97,28.97,28.97,28.97,28.97
YNLGLDLR,light,29.17,0.29,28.76,29.63,50999652,,29.17,0.29,g,29.17,29.17,29.17,29.17,29.17,29.17,29.17,29.17,29.17,29.17,29.17
YNLGLDLR,light,29.25,0.32,28.82,29.69,54561540,,29.25,0.32,h,29.25,29.25,29.25,29.25,29.25,29.25,29.25,29.25,29.25,29.25,29.25
YNLGLDLR,light,29.25,0.3,28.85,29.69,52215216,,29.25,0.3,a,29.25,29.25,29.25,29.25,29.25,29.25,29.25,29.25,29.25,29.25,29.25
YNLGLDLR,light,29.25,0.31,28.85,29.69,53171044,,29.25,0.31,b,29.25,29.25,29.25,29.25,29.25,29.25,29.25,29.25,29.25,29.25,29.25
YNLGLDLR,light,28.97,0.32,28.53,29.46,54546592,,28.97,0.32,c,28.97,28.97,28.97,28.97,28.97,28.97,28.97,28.97,28.97,28.97,28.97
YNLGLDLR,light,28.94,0.32,28.56,29.46,55502704,,28.94,0.32,d,28.94,28.94,28.94,28.94,28.94,28.94,28.94,28.94,28.94,28.94,28.94
YNLGLDLR,light,29.14,0.32,28.74,29.6,52665328,,29.14,0.32,e,29.14,29.14,29.14,29.14,29.14,29.14,29.14,29.14,29.14,29.14,29.14
YNLGLDLR,light,29.2,0.31,28.82,29.66,53479156,,29.2,0.31,f,29.2,29.2,29.2,29.2,29.2,29.2,29.2,29.2,29.2,29.2,29.2
YNLGLDLR,light,29.02,0.32,28.59,29.48,54855380,,29.02,0.32,g,29.02,29.02,29.02,29.02,29.02,29.02,29.02,29.02,29.02,29.02,29.02
YNLGLDLR,light,28.88,0.32,28.48,29.37,55549804,,28.88,0.32,h,28.88,28.88,28.88,28.88,28.88,28.88,28.88,28.88,28.88,28.88,28.88
YNLGLDLR,light,29.11,0.14,28.94,29.54,28049004,,29.11,0.14,a,29.11,29.11,29.11,29.11,29.11,29.11,29.11,29.11,29.11,29.11,29.11
YNLGLDLR,light,29.14,0.32,28.76,29.66,56087748,,29.14,0.32,b,29.14,29.14,29.14,29.14,29.14,29.14,29.14,29.14,29.14,29.14,29.14
YNLGLDLR,light,28.99,0.31,28.59,29.46,54754120,,28.99,0.31,c,28.99,28.99,28.99,28.99,28.99,28.99,28.99,28.99,28.99,28.99,28.99
YNLGLDLR,light,29.17,0.32,28.82,29.66,48846956,,29.17,0.32,d,29.17,29.17,29.17,29.17,29.17,29.17,29.17,29.17,29.17,29.17,29.17
YNLGLDLR,light,29.23,0.31,28.82,29.69,48320296,,29.23,0.31,e,29.23,29.23,29.23,29.23,29.23,29.23,29.23,29.23,29.23,29.23,29.23
YNLGLDLR,light,29.17,0.3,28.76,29.63,47552868,,29.17,0.3,f,29.17,29.17,29.17,29.17,29.17,29.17,29.17,29.17,29.17,29.17,29.17
YNLGLDLR,light,29.08,0.31,28.68,29.54,51858776,,29.08,0.31,g,29.08,29.08,29.08,29.08,29.08,29.08,29.08,29.08,29.08,29.08,29.08
YNLGLDLR,light,29.17,0.3,28.79,29.66,40826248,,29.17,0.3,h,29.17,29.17,29.17,29.17,29.17,29.17,29.17,29.17,29.17,29.17,29.17
YNLGLDLR,light,29.23,0.31,28.79,29.66,51997700,,29.23,0.31,h,29.23,29.23,29.23,29.23,29.23,29.23,29.23,29.23,29.23,29.23,29.23
YNLGLDLR,light,29.14,0.31,28.71,29.6,52684888,,29.14,0.31,h,29.14,29.14,29.14,29.14,29.14,29.14,29.14,29.14,29.14,29.14,29.14
YNLGLDLR,light,29.25,0.32,28.82,29.69,47110904,,29.25,0.32,h,29.25,29.25,29.25,29.25,29.25,29.25,29.25,29.25,29.25,29.25,29.25
YNLGLDLR,light,29.05,0.32,28.65,29.51,45807772,,29.05,0.32,h,29.05,29.05,29.05,29.05,29.05,29.05,29.05,29.05,29.05,29.05,29.05
YNLGLDLR,light,29.05,0.32,28.65,29.51,44459732,,29.05,0.32,h,29.05,29.05,29.05,29.05,29.05,29.05,29.05,29.05,29.05,29.05,29.05
YNLGLDLR,light,28.99,0.32,28.59,29.48,44277688,,28.99,0.32,h,28.99,28.99,28.99,28.99,28.99,28.99,28.99,28.99,28.99,28.99,28.99
YNLGLDLR,light,29.2,0.32,28.79,29.66,48555992,,29.2,0.32,h,29.2,29.2,29.2,29.2,29.2,29.2,29.2,29.2,29.2,29.2,29.2
YNLGLDLR,light,28.99,0.3,28.62,29.48,49869140,,28.99,0.3,h,28.99,28.99,28.99,28.99,28.99,28.99,28.99,28.99,28.99,28.99,28.99
YNLGLDLR,light,29.08,0.33,28.68,29.57,45105112,,29.08,0.33,h,29.08,29.08,29.08,29.08,29.08,29.08,29.08,29.08,29.08,29.08,29.08
YNLGLDLR,light,28.97,0.31,28.56,29.46,43973156,,28.97,0.31,h,28.97,28.97,28.97,28.97,28.97,28.97,28.97,28.97,28.97,28.97,28.97
YNLGLDLR,light,29.08,0.33,28.68,29.54,42260744,,29.08,0.33,h,29.08,29.08,29.08,29.08,29.08,29.08,29.08,29.08,29.08,29.08,29.08
YNLGLDLR,light,29.05,0.31,28.65,29.51,47481156,,29.05,0.31,h,29.05,29.05,29.05,29.05,29.05,29.05,29.05,29.05,29.05,29.05,29.05
YNLGLDLR,light,29.05,0.31,28.65,29.51,53010768,,29.05,0.31,h,29.05,29.05,29.05,29.05,29.05,29.05,29.05,29.05,29.05,29.05,29.05
YNLGLDLR,light,29.11,0.31,28.71,29.57,46568012,,29.11,0.31,h,29.11,29.11,29.11,29.11,29.11,29.11,29.11,29.11,29.11,29.11,29.11
YNLGLDLR,light,29.11,0.33,28.74,29.63,44576124,,29.11,0.33,h,29.11,29.11,29.11,29.11,29.11,29.11,29.11,29.11,29.11,29.11,29.11
YNLGLDLR,light,28.99,0.32,28.62,29.48,45806668,,28.99,0.32,h,28.99,28.99,28.99,28.99,28.99,28.99,28.99,28.99,28.99,28.99,28.99
YNLGLDLR,light,28.94,0.3,28.53,29.43,42066520,,28.94,0.3,h,28.94,28.94,28.94,28.94,28.94,28.94,28.94,28.94,28.94,28.94,28.94
YNLGLDLR,light,29.02,0.32,28.62,29.48,43763492,,29.02,0.32,h,29.02,29.02,29.02,29.02,29.02,29.02,29.02,29.02,29.02,29.02,29.02
YNLGLDLR,light,28.94,0.32,28.53,29.43,40621100,,28.94,0.32,h,28.94,28.94,28.94,28.94,28.94,28.94,28.94,28.94,28.94,28.94,28.94
YNLGLDLR,light,28.97,0.31,28.56,29.46,47645504,,28.97,0.31,h,28.97,28.97,28.97,28.97,28.97,28.97,28.97,28.97,28.97,28.97,28.97
YNLGLDLR,light,29.11,0.33,28.68,29.6,43087184,,29.11,0.33,h,29.11,29.11,29.11,29.11,29.11,29.11,29.11,29.11,29.11,29.11,29.11
YNLGLDLR,light,28.94,0.32,28.53,29.43,40621100,,28.94,0.32,h,28.94,28.94,28.94,28.94,28.94,28.94,28.94,28.94,28.94,28.94,28.94
TAAYVNAIEK,light,18.83,0.18,18.6,19.09,22469756,,18.83,0.18,h,18.83,18.83,18.83,18.83,18.83,18.83,18.83,18.83,18.83,18.83,18.83
TAAYVNAIEK,light,18.8,0.19,18.57,19.09,20801496,,18.8,0.19,h,18.8,18.8,18.8,18.8,18.8,18.8,18.8,18.8,18.8,18.8,18.8
TAAYVNAIEK,light,18.77,0.18,18.57,19.06,21277462,,18.77,0.18,h,18.77,18.77,18.77,18.77,18.77,18.77,18.77,18.77,18.77,18.77,18.77
TAAYVNAIEK,light,18.8,0.18,18.57,19.09,22276154,,18.8,0.18,h,18.8,18.8,18.8,18.8,18.8,18.8,18.8,18.8,18.8,18.8,18.8
TAAYVNAIEK,light,18.83,0.18,18.57,19.09,20757862,,18.83,0.18,h,18.83,18.83,18.83,18.83,18.83,18.83,18.83,18.83,18.83,18.83,18.83
TAAYVNAIEK,light,18.89,0.18,18.66,19.15,19974534,,18.89,0.18,h,18.89,18.89,18.89,18.89,18.89,18.89,18.89,18.89,18.89,18.89,18.89
TAAYVNAIEK,light,18.92,0.18,18.69,19.21,22473632,,18.92,0.18,h,18.92,18.92,18.92,18.92,18.92,18.92,18.92,18.92,18.92,18.92,18.92
TAAYVNAIEK,light,18.92,0.19,18.66,19.21,19872132,,18.92,0.19,h,18.92,18.92,18.92,18.92,18.92,18.92,18.92,18.92,18.92,18.92,18.92
TAAYVNAIEK,light,18.95,0.18,18.69,19.23,22454624,,18.95,0.18,h,18.95,18.95,18.95,18.95,18.95,18.95,18.95,18.95,18.95,18.95,18.95
TAAYVNAIEK,light,18.8,0.19,18.57,19.09,25403110,,18.8,0.19,h,18.8,18.8,18.8,18.8,18.8,18.8,18.8,18.8,18.8,18.8,18.8
TAAYVNAIEK,light,18.77,0.17,18.54,19.06,23309964,,18.77,0.17,h,18.77,18.77,18.77,18.77,18.77,18.77,18.77,18.77,18.77,18.77,18.77
TAAYVNAIEK,light,18.83,0.18,18.57,19.09,23380190,,18.83,0.18,h,18.83,18.83,18.83,18.83,18.83,18.83,18.83,18.83,18.83,18.83,18.83
TAAYVNAIEK,light,18.95,0.18,18.69,19.21,25383470,,18.95,0.18,h,18.95,18.95,18.95,18.95,18.95,18.95,18.95,18.95,18.95,18.95,18.95
TAAYVNAIEK,light,18.83,0.18,18.63,19.15,17498160,,18.83,0.18,h,18.83,18.83,18.83,18.83,18.83,18.83,18.83,18.83,18.83,18.83,18.83
TAAYVNAIEK,light,18.8,0.18,18.57,19.06,17537014,,18.8,0.18,h,18.8,18.8,18.8,18.8,18.8,18.8,18.8,18.8,18.8,18.8,18.8
TAAYVNAIEK,light,18.8,0.18,18.57,19.09,17590592,,18.8,0.18,h,18.8,18.8,18.8,18.8,18.8,18.8,18.8,18.8,18.8,18.8,18.8
TAAYVNAIEK,light,18.92,0.18,18.66,19.18,18750984,,18.92,0.18,h,18.92,18.92,18.92,18.92,18.92,18.92,18.92,18.92,18.92,18.92,18.92
TAAYVNAIEK,light,18.95,0.18,18.69,19.23,18208142,,18.95,0.18,h,18.95,18.95,18.95,18.95,18.95,18.95,18.95,18.95,18.95,18.95,18.95
TAAYVNAIEK,light,19.03,0.19,18.77,19.32,17164326,,19.03,0.19,h,19.03,19.03,19.03,19.03,19.03,19.03,19.03,19.03,19.03,19.03,19.03
TAAYVNAIEK,light,19.09,0.19,18.83,19.41,16827750,,19.09,0.19,h,19.09,19.09,19.09,19.09,19.09,19.09,19.09,19.09,19.09,19.09,19.09
TAAYVNAIEK,light,19.03,0.18,18.77,19.29,16988170,,19.03,0.18,h,19.03,19.03,19.03,19.03,19.03,19.03,19.03,19.03,19.03,19.03,19.03
TAAYVNAIEK,light,19.03,0.18,18.77,19.29,17246188,,19.03,0.18,h,19.03,19.03,19.03,19.03,19.03,19.03,19.03,19.03,19.03,19.03,19.03
TAAYVNAIEK,light,19.09,0.19,18.83,19.38,16582814,,19.09,0.19,h,19.09,19.09,19.09,19.09,19.09,19.09,19.09,19.09,19.09,19.09,19.09
TAAYVNAIEK,light,19.12,0.19,18.86,19.38,16784982,,19.12,0.19,h,19.12,19.12,19.12,19.12,19.12,19.12,19.12,19.12,19.12,19.12,19.12
TAAYVNAIEK,light,19,0.18,18.77,19.29,19404280,,19,0.18,h,19,19,19,19,19,19,19,19,19,19,19
TAAYVNAIEK,light,18.92,0.2,18.69,19.21,16378398,,18.92,0.2,h,18.92,18.92,18.92,18.92,18.92,18.92,18.92,18.92,18.92,18.92,18.92
TAAYVNAIEK,light,18.83,0.17,18.57,19.09,18370032,,18.83,0.17,h,18.83,18.83,18.83,18.83,18.83,18.83,18.83,18.83,18.83,18.83,18.83
TAAYVNAIEK,light,18.77,0.18,18.57,19.09,16335503,,18.77,0.18,h,18.77,18.77,18.77,18.77,18.77,18.77,18.77,18.77,18.77,18.77,18.77
TAAYVNAIEK,light,18.89,0.18,18.63,19.15,16325609,,18.89,0.18,h,18.89,18.89,18.89,18.89,18.89,18.89,18.89,18.89,18.89,18.89,18.89
TAAYVNAIEK,light,19.06,0.18,18.83,19.35,20101394,,19.06,0.18,h,19.06,19.06,19.06,19.06,19.06,19.06,19.06,19.06,19.06,19.06,19.06
TAAYVNAIEK,light,18.95,0.18,18.72,19.23,17350998,,18.95,0.18,h,18.95,18.95,18.95,18.95,18.95,18.95,18.95,18.95,18.95,18.95,18.95
TAAYVNAIEK,light,18.95,0.18,18.72,19.26,16200558,,18.95,0.18,h,18.95,18.95,18.95,18.95,18.95,18.95,18.95,18.95,18.95,18.95,18.95
TAAYVNAIEK,light,18.86,0.18,18.63,19.15,15761375,,18.86,0.18,h,18.86,18.86,18.86,18.86,18.86,18.86,18.86,18.86,18.86,18.86,18.86
TAAYVNAIEK,light,19,0.18,18.77,19.29,17997186,,19,0.18,h,19,19,19,19,19,19,19,19,19,19,19
TAAYVNAIEK,light,18.92,0.18,18.66,19.18,16008599,,18.92,0.18,h,18.92,18.92,18.92,18.92,18.92,18.92,18.92,18.92,18.92,18.92,18.92
TAAYVNAIEK,light,19,0.18,18.77,19.29,23803366,,19,0.18,h,19,19,19,19,19,19,19,19,19,19,19
TAAYVNAIEK,light,18.97,0.19,18.74,19.29,15193115,,18.97,0.19,h,18.97,18.97,18.97,18.97,18.97,18.97,18.97,18.97,18.97,18.97,18.97
TAAYVNAIEK,light,19,0.19,18.77,19.29,14667130,,19,0.19,h,19,19,19,19,19,19,19,19,19,19,19
TAAYVNAIEK,light,19.03,0.19,18.77,19.29,15078939,,19.03,0.19,h,19.03,19.03,19.03,19.03,19.03,19.03,19.03,19.03,19.03,19.03,19.03
TAAYVNAIEK,light,18.89,0.19,18.66,19.21,13078115,,18.89,0.19,h,18.89,18.89,18.89,18.89,18.89,18.89,18.89,18.89,18.89,18.89,18.89
TAAYVNAIEK,light,18.86,0.18,18.63,19.15,14058698,,18.86,0.18,h,18.86,18.86,18.86,18.86,18.86,18.86,18.86,18.86,18.86,18.86,18.86
TAAYVNAIEK,light,18.77,0.19,18.51,19.06,14112184,,18.77,0.19,h,18.77,18.77,18.77,18.77,18.77,18.77,18.77,18.77,18.77,18.77,18.77
TAAYVNAIEK,light,18.95,0.19,18.72,19.23,14511279,,18.95,0.19,h,18.95,18.95,18.95,18.95,18.95,18.95,18.95,18.95,18.95,18.95,18.95
TAAYVNAIEK,light,19,0.18,18.77,19.29,13803443,,19,0.18,h,19,19,19,19,19,19,19,19,19,19,19
TAAYVNAIEK,light,18.77,0.19,18.51,19.06,14112184,,18.77,0.19,h,18.77,18.77,18.77,18.77,18.77,18.77,18.77,18.77,18.77,18.77,18.77
FFVAPFPEVFGK,light,46.88,0.34,46.5,47.39,45602760,,46.88,0.34,h,46.88,46.88,46.88,46.88,46.88,46.88,46.88,46.88,46.88,46.88,46.88
FFVAPFPEVFGK,light,46.93,0.27,46.47,47.37,35566560,,46.93,0.27,h,46.93,46.93,46.93,46.93,46.93,46.93,46.93,46.93,46.93,46.93,46.93
FFVAPFPEVFGK,light,46.88,0.35,46.47,47.42,75932680,,46.88,0.35,h,46.88,46.88,46.88,46.88,46.88,46.88,46.88,46.88,46.88,46.88,46.88
FFVAPFPEVFGK,light,46.93,0.35,46.53,47.39,42728132,,46.93,0.35,h,46.93,46.93,46.93,46.93,46.93,46.93,46.93,46.93,46.93,46.93,46.93
FFVAPFPEVFGK,light,46.9,0.33,46.5,47.48,45227956,,46.9,0.33,h,46.9,46.9,46.9,46.9,46.9,46.9,46.9,46.9,46.9,46.9,46.9
FFVAPFPEVFGK,light,47.02,0.31,46.67,47.6,47571544,,47.02,0.31,h,47.02,47.02,47.02,47.02,47.02,47.02,47.02,47.02,47.02,47.02,47.02
FFVAPFPEVFGK,light,47.05,0.31,46.67,47.6,50785204,,47.05,0.31,h,47.05,47.05,47.05,47.05,47.05,47.05,47.05,47.05,47.05,47.05,47.05
FFVAPFPEVFGK,light,47.11,0.35,46.7,47.65,75423552,,47.11,0.35,h,47.11,47.11,47.11,47.11,47.11,47.11,47.11,47.11,47.11,47.11,47.11
FFVAPFPEVFGK,light,47.05,0.35,46.67,47.62,73847400,,47.05,0.35,h,47.05,47.05,47.05,47.05,47.05,47.05,47.05,47.05,47.05,47.05,47.05
FFVAPFPEVFGK,light,46.96,0.25,46.53,47.42,47423436,,46.96,0.25,h,46.96,46.96,46.96,46.96,46.96,46.96,46.96,46.96,46.96,46.96,46.96
FFVAPFPEVFGK,light,46.88,0.34,46.44,47.48,69410504,,46.88,0.34,h,46.88,46.88,46.88,46.88,46.88,46.88,46.88,46.88,46.88,46.88,46.88
FFVAPFPEVFGK,light,46.99,0.36,46.65,47.62,70255936,,46.99,0.36,h,46.99,46.99,46.99,46.99,46.99,46.99,46.99,46.99,46.99,46.99,46.99
FFVAPFPEVFGK,light,47.02,0.35,46.65,47.57,80757984,,47.02,0.35,h,47.02,47.02,47.02,47.02,47.02,47.02,47.02,47.02,47.02,47.02,47.02
FFVAPFPEVFGK,light,46.93,0.37,46.5,47.51,47260480,,46.93,0.37,h,46.93,46.93,46.93,46.93,46.93,46.93,46.93,46.93,46.93,46.93,46.93
FFVAPFPEVFGK,light,46.93,0.35,46.47,47.42,39373060,,46.93,0.35,h,46.93,46.93,46.93,46.93,46.93,46.93,46.93,46.93,46.93,46.93,46.93
FFVAPFPEVFGK,light,46.99,0.32,46.59,47.48,32859368,,46.99,0.32,h,46.99,46.99,46.99,46.99,46.99,46.99,46.99,46.99,46.99,46.99,46.99
FFVAPFPEVFGK,light,46.93,0.12,46.73,47.54,43599904,,46.93,0.12,h,46.93,46.93,46.93,46.93,46.93,46.93,46.93,46.93,46.93,46.93,46.93
FFVAPFPEVFGK,light,46.96,0.34,46.62,47.51,73333680,,46.96,0.34,h,46.96,46.96,46.96,46.96,46.96,46.96,46.96,46.96,46.96,46.96,46.96
FFVAPFPEVFGK,light,47.25,0.32,46.9,47.8,76762160,,47.25,0.32,h,47.25,47.25,47.25,47.25,47.25,47.25,47.25,47.25,47.25,47.25,47.25
FFVAPFPEVFGK,light,47.19,0.24,46.85,47.62,42682680,,47.19,0.24,h,47.19,47.19,47.19,47.19,47.19,47.19,47.19,47.19,47.19,47.19,47.19
FFVAPFPEVFGK,light,47.25,0.3,46.82,47.74,71248608,,47.25,0.3,h,47.25,47.25,47.25,47.25,47.25,47.25,47.25,47.25,47.25,47.25,47.25
FFVAPFPEVFGK,light,47.08,0.34,46.67,47.65,56699476,,47.08,0.34,h,47.08,47.08,47.08,47.08,47.08,47.08,47.08,47.08,47.08,47.08,47.08
FFVAPFPEVFGK,light,47.16,0.33,46.79,47.71,63796324,,47.16,0.33,h,47.16,47.16,47.16,47.16,47.16,47.16,47.16,47.16,47.16,47.16,47.16
FFVAPFPEVFGK,light,47.13,0.34,46.76,47.71,71346672,,47.13,0.34,h,47.13,47.13,47.13,47.13,47.13,47.13,47.13,47.13,47.13,47.13,47.13
FFVAPFPEVFGK,light,47.05,0.33,46.65,47.6,47421712,,47.05,0.33,h,47.05,47.05,47.05,47.05,47.05,47.05,47.05,47.05,47.05,47.05,47.05
FFVAPFPEVFGK,light,46.99,0.35,46.59,47.54,70973552,,46.99,0.35,h,46.99,46.99,46.99,46.99,46.99,46.99,46.99,46.99,46.99,46.99,46.99
FFVAPFPEVFGK,light,46.85,0.37,46.41,47.37,68644464,,46.85,0.37,h,46.85,46.85,46.85,46.85,46.85,46.85,46.85,46.85,46.85,46.85,46.85
FFVAPFPEVFGK,light,46.93,0.34,46.53,47.48,67139888,,46.93,0.34,h,46.93,46.93,46.93,46.93,46.93,46.93,46.93,46.93,46.93,46.93,46.93
FFVAPFPEVFGK,light,46.96,0.34,46.56,47.51,67550632,,46.96,0.34,h,46.96,46.96,46.96,46.96,46.96,46.96,46.96,46.96,46.96,46.96,46.96
FFVAPFPEVFGK,light,47.16,0.35,46.79,47.74,71082264,,47.16,0.35,h,47.16,47.16,47.16,47.16,47.16,47.16,47.16,47.16,47.16,47.16,47.16
FFVAPFPEVFGK,light,46.93,0.33,46.56,47.42,70535776,,46.93,0.33,h,46.93,46.93,46.93,46.93,46.93,46.93,46.93,46.93,46.93,46.93,46.93
FFVAPFPEVFGK,light,46.88,0.34,46.47,47.42,70486664,,46.88,0.34,h,46.88,46.88,46.88,46.88,46.88,46.88,46.88,46.88,46.88,46.88,46.88
FFVAPFPEVFGK,light,46.9,0.36,46.5,47.45,69651080,,46.9,0.36,h,46.9,46.9,46.9,46.9,46.9,46.9,46.9,46.9,46.9,46.9,46.9
FFVAPFPEVFGK,light,47.05,0.34,46.67,47.6,72288080,,47.05,0.34,h,47.05,47.05,47.05,47.05,47.05,47.05,47.05,47.05,47.05,47.05,47.05
FFVAPFPEVFGK,light,46.85,0.17,46.53,47.39,78471160,,46.85,0.17,h,46.85,46.85,46.85,46.85,46.85,46.85,46.85,46.85,46.85,46.85,46.85
FFVAPFPEVFGK,light,46.99,0.37,46.33,47.65,50479840,,46.99,0.37,h,46.99,46.99,46.99,46.99,46.99,46.99,46.99,46.99,46.99,46.99,46.99
FFVAPFPEVFGK,light,46.9,0.36,46.53,47.51,83416896,,46.9,0.36,h,46.9,46.9,46.9,46.9,46.9,46.9,46.9,46.9,46.9,46.9,46.9
FFVAPFPEVFGK,light,46.9,0.34,46.53,47.48,84028200,,46.9,0.34,h,46.9,46.9,46.9,46.9,46.9,46.9,46.9,46.9,46.9,46.9,46.9
FFVAPFPEVFGK,light,46.56,0.36,46.24,47.22,20989790,,46.56,0.36,h,46.56,46.56,46.56,46.56,46.56,46.56,46.56,46.56,46.56,46.56,46.56
FFVAPFPEVFGK,light,46.53,0.29,46.1,47.13,28105220,,46.53,0.29,h,46.53,46.53,46.53,46.53,46.53,46.53,46.53,46.53,46.53,46.53,46.53
FFVAPFPEVFGK,light,46.76,0.35,46.36,47.34,84887984,,46.76,0.35,h,46.76,46.76,46.76,46.76,46.76,46.76,46.76,46.76,46.76,46.76,46.76
FFVAPFPEVFGK,light,46.7,0.35,46.3,47.25,79135544,,46.7,0.35,h,46.7,46.7,46.7,46.7,46.7,46.7,46.7,46.7,46.7,46.7,46.7
FFVAPFPEVFGK,light,46.53,0.35,46.13,47.13,51411076,,46.53,0.35,h,46.53,46.53,46.53,46.53,46.53,46.53,46.53,46.53,46.53,46.53,46.53
FFVAPFPEVFGK,light,46.67,0.33,46.33,47.37,89583888,,46.67,0.33,h,46.67,46.67,46.67,46.67,46.67,46.67,46.67,46.67,46.67,46.67,46.67
FFVAPFPEVFGK,light,46.7,0.35,46.3,47.25,79135544,,46.7,0.35,h,46.7,46.7,46.7,46.7,46.7,46.7,46.7,46.7,46.7,46.7,46.7
LVNELTEFAK,light,28.68,0.3,28.33,29.17,40363576,,28.68,0.3,h,28.68,28.68,28.68,28.68,28.68,28.68,28.68,28.68,28.68,28.68,28.68
LVNELTEFAK,light,28.88,0.3,28.48,29.31,43190632,,28.88,0.3,h,28.88,28.88,28.88,28.88,28.88,28.88,28.88,28.88,28.88,28.88,28.88
LVNELTEFAK,light,28.62,0.32,28.25,29.08,40822232,,28.62,0.32,h,28.62,28.62,28.62,28.62,28.62,28.62,28.62,28.62,28.62,28.62,28.62
LVNELTEFAK,light,28.62,0.31,28.25,29.11,43657352,,28.62,0.31,h,28.62,28.62,28.62,28.62,28.62,28.62,28.62,28.62,28.62,28.62,28.62
LVNELTEFAK,light,28.62,0.29,28.28,29.11,40067388,,28.62,0.29,h,28.62,28.62,28.62,28.62,28.62,28.62,28.62,28.62,28.62,28.62,28.62
LVNELTEFAK,light,28.82,0.29,28.48,29.31,42874936,,28.82,0.29,h,28.82,28.82,28.82,28.82,28.82,28.82,28.82,28.82,28.82,28.82,28.82
LVNELTEFAK,light,28.91,0.28,28.56,29.34,45013228,,28.91,0.28,h,28.91,28.91,28.91,28.91,28.91,28.91,28.91,28.91,28.91,28.91,28.91
LVNELTEFAK,light,28.94,0.28,28.56,29.4,44163372,,28.94,0.28,h,28.94,28.94,28.94,28.94,28.94,28.94,28.94,28.94,28.94,28.94,28.94
LVNELTEFAK,light,28.94,0.28,28.56,29.37,45967696,,28.94,0.28,h,28.94,28.94,28.94,28.94,28.94,28.94,28.94,28.94,28.94,28.94,28.94
LVNELTEFAK,light,28.62,0.31,28.25,29.11,46141360,,28.62,0.31,h,28.62,28.62,28.62,28.62,28.62,28.62,28.62,28.62,28.62,28.62,28.62
LVNELTEFAK,light,28.65,0.3,28.28,29.11,48161972,,28.65,0.3,h,28.65,28.65,28.65,28.65,28.65,28.65,28.65,28.65,28.65,28.65,28.65
LVNELTEFAK,light,28.82,0.29,28.48,29.28,45880828,,28.82,0.29,h,28.82,28.82,28.82,28.82,28.82,28.82,28.82,28.82,28.82,28.82,28.82
LVNELTEFAK,light,28.88,0.29,28.53,29.34,47202576,,28.88,0.29,h,28.88,28.88,28.88,28.88,28.88,28.88,28.88,28.88,28.88,28.88,28.88
LVNELTEFAK,light,28.68,0.3,28.3,29.17,45937724,,28.68,0.3,h,28.68,28.68,28.68,28.68,28.68,28.68,28.68,28.68,28.68,28.68,28.68
LVNELTEFAK,light,28.56,0.3,28.19,29.05,48259556,,28.56,0.3,h,28.56,28.56,28.56,28.56,28.56,28.56,28.56,28.56,28.56,28.56,28.56
LVNELTEFAK,light,28.71,0.31,28.36,29.23,45065240,,28.71,0.31,h,28.71,28.71,28.71,28.71,28.71,28.71,28.71,28.71,28.71,28.71,28.71
LVNELTEFAK,light,28.85,0.29,28.48,29.31,48351600,,28.85,0.29,h,28.85,28.85,28.85,28.85,28.85,28.85,28.85,28.85,28.85,28.85,28.85
LVNELTEFAK,light,28.65,0.3,28.3,29.11,46933792,,28.65,0.3,h,28.65,28.65,28.65,28.65,28.65,28.65,28.65,28.65,28.65,28.65,28.65
LVNELTEFAK,light,28.88,0.28,28.53,29.34,43224764,,28.88,0.28,h,28.88,28.88,28.88,28.88,28.88,28.88,28.88,28.88,28.88,28.88,28.88
LVNELTEFAK,light,28.88,0.28,28.53,29.34,41909456,,28.88,0.28,h,28.88,28.88,28.88,28.88,28.88,28.88,28.88,28.88,28.88,28.88,28.88
LVNELTEFAK,light,28.82,0.29,28.48,29.28,42780724,,28.82,0.29,h,28.82,28.82,28.82,28.82,28.82,28.82,28.82,28.82,28.82,28.82,28.82
LVNELTEFAK,light,28.74,0.29,28.42,29.23,42252344,,28.74,0.29,h,28.74,28.74,28.74,28.74,28.74,28.74,28.74,28.74,28.74,28.74,28.74
LVNELTEFAK,light,28.88,0.26,28.51,29.31,34139080,,28.88,0.26,h,28.88,28.88,28.88,28.88,28.88,28.88,28.88,28.88,28.88,28.88,28.88
LVNELTEFAK,light,28.85,0.29,28.51,29.31,41328748,,28.85,0.29,h,28.85,28.85,28.85,28.85,28.85,28.85,28.85,28.85,28.85,28.85,28.85
LVNELTEFAK,light,28.76,0.3,28.42,29.25,43869272,,28.76,0.3,h,28.76,28.76,28.76,28.76,28.76,28.76,28.76,28.76,28.76,28.76,28.76
LVNELTEFAK,light,28.88,0.31,28.53,29.4,39852424,,28.88,0.31,h,28.88,28.88,28.88,28.88,28.88,28.88,28.88,28.88,28.88,28.88,28.88
LVNELTEFAK,light,28.71,0.29,28.36,29.2,39490736,,28.71,0.29,h,28.71,28.71,28.71,28.71,28.71,28.71,28.71,28.71,28.71,28.71,28.71
LVNELTEFAK,light,28.74,0.3,28.36,29.2,38696400,,28.74,0.3,h,28.74,28.74,28.74,28.74,28.74,28.74,28.74,28.74,28.74,28.74,28.74
LVNELTEFAK,light,28.68,0.3,28.3,29.14,39268380,,28.68,0.3,h,28.68,28.68,28.68,28.68,28.68,28.68,28.68,28.68,28.68,28.68,28.68
LVNELTEFAK,light,28.85,0.29,28.51,29.37,42755340,,28.85,0.29,h,28.85,28.85,28.85,28.85,28.85,28.85,28.85,28.85,28.85,28.85,28.85
LVNELTEFAK,light,28.65,0.3,28.3,29.14,42633888,,28.65,0.3,h,28.65,28.65,28.65,28.65,28.65,28.65,28.65,28.65,28.65,28.65,28.65
LVNELTEFAK,light,28.74,0.3,28.39,29.23,39866336,,28.74,0.3,h,28.74,28.74,28.74,28.74,28.74,28.74,28.74,28.74,28.74,28.74,28.74
LVNELTEFAK,light,28.62,0.29,28.28,29.08,39312420,,28.62,0.29,h,28.62,28.62,28.62,28.62,28.62,28.62,28.62,28.62,28.62,28.62,28.62
LVNELTEFAK,light,28.74,0.28,28.39,29.2,38232480,,28.74,0.28,h,28.74,28.74,28.74,28.74,28.74,28.74,28.74,28.74,28.74,28.74,28.74
LVNELTEFAK,light,28.71,0.3,28.36,29.2,39055440,,28.71,0.3,h,28.71,28.71,28.71,28.71,28.71,28.71,28.71,28.71,28.71,28.71,28.71
LVNELTEFAK,light,28.74,0.27,28.39,29.17,43548408,,28.74,0.27,h,28.74,28.74,28.74,28.74,28.74,28.74,28.74,28.74,28.74,28.74,28.74
LVNELTEFAK,light,28.76,0.3,28.39,29.23,37275480,,28.76,0.3,h,28.76,28.76,28.76,28.76,28.76,28.76,28.76,28.76,28.76,28.76,28.76
LVNELTEFAK,light,28.79,0.29,28.42,29.28,38629384,,28.79,0.29,h,28.79,28.79,28.79,28.79,28.79,28.79,28.79,28.79,28.79,28.79,28.79
LVNELTEFAK,light,28.71,0.31,28.33,29.17,37940116,,28.71,0.31,h,28.71,28.71,28.71,28.71,28.71,28.71,28.71,28.71,28.71,28.71,28.71
LVNELTEFAK,light,28.59,0.3,28.25,29.11,36746184,,28.59,0.3,h,28.59,28.59,28.59,28.59,28.59,28.59,28.59,28.59,28.59,28.59,28.59
LVNELTEFAK,light,28.71,0.3,28.33,29.17,37946336,,28.71,0.3,h,28.71,28.71,28.71,28.71,28.71,28.71,28.71,28.71,28.71,28.71,28.71
LVNELTEFAK,light,28.62,0.3,28.25,29.05,36705236,,28.62,0.3,h,28.62,28.62,28.62,28.62,28.62,28.62,28.62,28.62,28.62,28.62,28.62
LVNELTEFAK,light,28.62,0.29,28.28,29.08,40302616,,28.62,0.29,h,28.62,28.62,28.62,28.62,28.62,28.62,28.62,28.62,28.62,28.62,28.62
LVNELTEFAK,light,28.74,0.29,28.39,29.23,37338612,,28.74,0.29,h,28.74,28.74,28.74,28.74,28.74,28.74,28.74,28.74,28.74,28.74,28.74
LVNELTEFAK,light,28.62,0.3,28.25,29.05,36705236,,28.62,0.3,h,28.62,28.62,28.62,28.62,28.62,28.62,28.62,28.62,28.62,28.62,28.62
SLHTLFGDELCK,light,30.03,0.31,29.69,30.58,3192631,,30.03,0.31,h,30.03,30.03,30.03,30.03,30.03,30.03,30.03,30.03,30.03,30.03,30.03
SLHTLFGDELCK,light,30.2,0.27,29.8,30.64,3874242,,30.2,0.27,h,30.2,30.2,30.2,30.2,30.2,30.2,30.2,30.2,30.2,30.2,30.2
SLHTLFGDELCK,light,29.95,0.29,29.6,30.55,3235056,,29.95,0.29,h,29.95,29.95,29.95,29.95,29.95,29.95,29.95,29.95,29.95,29.95,29.95
SLHTLFGDELCK,light,30.03,0.29,29.6,30.52,3860399,,30.03,0.29,h,30.03,30.03,30.03,30.03,30.03,30.03,30.03,30.03,30.03,30.03,30.03
SLHTLFGDELCK,light,30,0.31,29.63,30.49,3942028,,30,0.31,h,30,30,30,30,30,30,30,30,30,30,30
SLHTLFGDELCK,light,30.18,0.29,29.8,30.64,4442319,,30.18,0.29,h,30.18,30.18,30.18,30.18,30.18,30.18,30.18,30.18,30.18,30.18,30.18
SLHTLFGDELCK,light,30.2,0.3,29.86,30.75,4563974,,30.2,0.3,h,30.2,30.2,30.2,30.2,30.2,30.2,30.2,30.2,30.2,30.2,30.2
SLHTLFGDELCK,light,30.23,0.3,29.86,30.75,4204363,,30.23,0.3,h,30.23,30.23,30.23,30.23,30.23,30.23,30.23,30.23,30.23,30.23,30.23
SLHTLFGDELCK,light,30.18,0.31,29.83,30.72,4313811,,30.18,0.31,h,30.18,30.18,30.18,30.18,30.18,30.18,30.18,30.18,30.18,30.18,30.18
SLHTLFGDELCK,light,30.03,0.33,29.6,30.55,4396234,,30.03,0.33,h,30.03,30.03,30.03,30.03,30.03,30.03,30.03,30.03,30.03,30.03,30.03
SLHTLFGDELCK,light,30.03,0.32,29.6,30.55,4219552,,30.03,0.32,h,30.03,30.03,30.03,30.03,30.03,30.03,30.03,30.03,30.03,30.03,30.03
SLHTLFGDELCK,light,30.12,0.31,29.77,30.72,4420415,,30.12,0.31,h,30.12,30.12,30.12,30.12,30.12,30.12,30.12,30.12,30.12,30.12,30.12
SLHTLFGDELCK,light,30.18,0.32,29.8,30.64,4450810,,30.18,0.32,h,30.18,30.18,30.18,30.18,30.18,30.18,30.18,30.18,30.18,30.18,30.18
SLHTLFGDELCK,light,30.09,0.34,29.69,30.64,3770802,,30.09,0.34,h,30.09,30.09,30.09,30.09,30.09,30.09,30.09,30.09,30.09,30.09,30.09
SLHTLFGDELCK,light,29.97,0.33,29.57,30.46,3921131,,29.97,0.33,h,29.97,29.97,29.97,29.97,29.97,29.97,29.97,29.97,29.97,29.97,29.97
SLHTLFGDELCK,light,30.12,0.3,29.69,30.55,4117603,,30.12,0.3,h,30.12,30.12,30.12,30.12,30.12,30.12,30.12,30.12,30.12,30.12,30.12
SLHTLFGDELCK,light,30.2,0.32,29.77,30.75,3925362,,30.2,0.32,h,30.2,30.2,30.2,30.2,30.2,30.2,30.2,30.2,30.2,30.2,30.2
SLHTLFGDELCK,light,30,0.31,29.63,30.46,3530390,,30,0.31,h,30,30,30,30,30,30,30,30,30,30,30
SLHTLFGDELCK,light,30.12,0.34,29.71,30.66,3762071,,30.12,0.34,h,30.12,30.12,30.12,30.12,30.12,30.12,30.12,30.12,30.12,30.12,30.12
SLHTLFGDELCK,light,30.18,0.32,29.77,30.64,3525555,,30.18,0.32,h,30.18,30.18,30.18,30.18,30.18,30.18,30.18,30.18,30.18,30.18,30.18
SLHTLFGDELCK,light,30.15,0.31,29.74,30.64,3657020,,30.15,0.31,h,30.15,30.15,30.15,30.15,30.15,30.15,30.15,30.15,30.15,30.15,30.15
SLHTLFGDELCK,light,30.06,0.31,29.63,30.55,3808553,,30.06,0.31,h,30.06,30.06,30.06,30.06,30.06,30.06,30.06,30.06,30.06,30.06,30.06
SLHTLFGDELCK,light,30.2,0.27,29.71,30.66,3363819,,30.2,0.27,h,30.2,30.2,30.2,30.2,30.2,30.2,30.2,30.2,30.2,30.2,30.2
SLHTLFGDELCK,light,30.2,0.32,29.8,30.61,3378239,,30.2,0.32,h,30.2,30.2,30.2,30.2,30.2,30.2,30.2,30.2,30.2,30.2,30.2
SLHTLFGDELCK,light,30.18,0.3,29.69,30.61,3892884,,30.18,0.3,h,30.18,30.18,30.18,30.18,30.18,30.18,30.18,30.18,30.18,30.18,30.18
SLHTLFGDELCK,light,30.23,0.31,29.95,30.72,3749205,,30.23,0.31,h,30.23,30.23,30.23,30.23,30.23,30.23,30.23,30.23,30.23,30.23,30.23
SLHTLFGDELCK,light,30.09,0.31,29.69,30.55,3671362,,30.09,0.31,h,30.09,30.09,30.09,30.09,30.09,30.09,30.09,30.09,30.09,30.09,30.09
SLHTLFGDELCK,light,30.12,0.31,29.69,30.58,3610106,,30.12,0.31,h,30.12,30.12,30.12,30.12,30.12,30.12,30.12,30.12,30.12,30.12,30.12
SLHTLFGDELCK,light,30,0.33,29.57,30.46,3454891,,30,0.33,h,30,30,30,30,30,30,30,30,30,30,30
SLHTLFGDELCK,light,30.2,0.32,29.8,30.72,3953253,,30.2,0.32,h,30.2,30.2,30.2,30.2,30.2,30.2,30.2,30.2,30.2,30.2,30.2
SLHTLFGDELCK,light,30.06,0.32,29.54,30.52,3813025,,30.06,0.32,h,30.06,30.06,30.06,30.06,30.06,30.06,30.06,30.06,30.06,30.06,30.06
SLHTLFGDELCK,light,30.12,0.31,29.74,30.55,3723398,,30.12,0.31,h,30.12,30.12,30.12,30.12,30.12,30.12,30.12,30.12,30.12,30.12,30.12
SLHTLFGDELCK,light,30,0.33,29.57,30.43,3721141,,30,0.33,h,30,30,30,30,30,30,30,30,30,30,30
SLHTLFGDELCK,light,30.03,0.31,29.66,30.52,3606543,,30.03,0.31,h,30.03,30.03,30.03,30.03,30.03,30.03,30.03,30.03,30.03,30.03,30.03
SLHTLFGDELCK,light,30.06,0.31,29.69,30.49,3868520,,30.06,0.31,h,30.06,30.06,30.06,30.06,30.06,30.06,30.06,30.06,30.06,30.06,30.06
SLHTLFGDELCK,light,30.03,0.32,29.6,30.55,4479787,,30.03,0.32,h,30.03,30.03,30.03,30.03,30.03,30.03,30.03,30.03,30.03,30.03,30.03
SLHTLFGDELCK,light,30.09,0.35,29.69,30.61,4052114,,30.09,0.35,h,30.09,30.09,30.09,30.09,30.09,30.09,30.09,30.09,30.09,30.09,30.09
SLHTLFGDELCK,light,30.18,0.31,29.74,30.64,3875453,,30.18,0.31,h,30.18,30.18,30.18,30.18,30.18,30.18,30.18,30.18,30.18,30.18,30.18
SLHTLFGDELCK,light,30,0.31,29.63,30.52,4071564,,30,0.31,h,30,30,30,30,30,30,30,30,30,30,30
SLHTLFGDELCK,light,29.97,0.31,29.54,30.41,3844415,,29.97,0.31,h,29.97,29.97,29.97,29.97,29.97,29.97,29.97,29.97,29.97,29.97,29.97
SLHTLFGDELCK,light,30.06,0.3,29.66,30.46,4146681,,30.06,0.3,h,30.06,30.06,30.06,30.06,30.06,30.06,30.06,30.06,30.06,30.06,30.06
SLHTLFGDELCK,light,29.92,0.32,29.54,30.41,4143349,,29.92,0.32,h,29.92,29.92,29.92,29.92,29.92,29.92,29.92,29.92,29.92,29.92,29.92
SLHTLFGDELCK,light,29.95,0.32,29.57,30.41,4061368,,29.95,0.32,h,29.95,29.95,29.95,29.95,29.95,29.95,29.95,29.95,29.95,29.95,29.95
SLHTLFGDELCK,light,30.15,0.32,29.69,30.61,4508453,,30.15,0.32,h,30.15,30.15,30.15,30.15,30.15,30.15,30.15,30.15,30.15,30.15,30.15
SLHTLFGDELCK,light,29.92,0.32,29.54,30.41,4143349,,29.92,0.32,h,29.92,29.92,29.92,29.92,29.92,29.92,29.92,29.92,29.92,29.92,29.92
YNGVFQECCQAEDK,light,22.2,0.34,21.8,22.6,608236,,22.2,0.34,h,22.2,22.2,22.2,22.2,22.2,22.2,22.2,22.2,22.2,22.2,22.2
YNGVFQECCQAEDK,light,22.26,0.3,21.8,22.63,632697,,22.26,0.3,h,22.26,22.26,22.26,22.26,22.26,22.26,22.26,22.26,22.26,22.26,22.26
YNGVFQECCQAEDK,light,22.17,0.28,21.62,22.75,637093,,22.17,0.28,h,22.17,22.17,22.17,22.17,22.17,22.17,22.17,22.17,22.17,22.17,22.17
YNGVFQECCQAEDK,light,22.26,0.34,21.6,22.66,656184,,22.26,0.34,h,22.26,22.26,22.26,22.26,22.26,22.26,22.26,22.26,22.26,22.26,22.26
YNGVFQECCQAEDK,light,22.14,0.27,21.65,22.63,637619,,22.14,0.27,h,22.14,22.14,22.14,22.14,22.14,22.14,22.14,22.14,22.14,22.14,22.14
YNGVFQECCQAEDK,light,22.34,0.27,21.91,22.72,631574,,22.34,0.27,h,22.34,22.34,22.34,22.34,22.34,22.34,22.34,22.34,22.34,22.34,22.34
YNGVFQECCQAEDK,light,22.37,0.28,22,22.72,666468,,22.37,0.28,h,22.37,22.37,22.37,22.37,22.37,22.37,22.37,22.37,22.37,22.37,22.37
YNGVFQECCQAEDK,light,22.37,0.28,22,22.75,641153,,22.37,0.28,h,22.37,22.37,22.37,22.37,22.37,22.37,22.37,22.37,22.37,22.37,22.37
YNGVFQECCQAEDK,light,22.4,0.27,22.03,22.78,634975,,22.4,0.27,h,22.4,22.4,22.4,22.4,22.4,22.4,22.4,22.4,22.4,22.4,22.4
YNGVFQECCQAEDK,light,22.23,0.27,21.83,22.57,752396,,22.23,0.27,h,22.23,22.23,22.23,22.23,22.23,22.23,22.23,22.23,22.23,22.23,22.23
YNGVFQECCQAEDK,light,22.17,0.27,21.77,22.52,721157,,22.17,0.27,h,22.17,22.17,22.17,22.17,22.17,22.17,22.17,22.17,22.17,22.17,22.17
YNGVFQECCQAEDK,light,22.29,0.26,21.83,22.69,688804,,22.29,0.26,h,22.29,22.29,22.29,22.29,22.29,22.29,22.29,22.29,22.29,22.29,22.29
YNGVFQECCQAEDK,light,22.4,0.29,22,22.78,708370,,22.4,0.29,h,22.4,22.4,22.4,22.4,22.4,22.4,22.4,22.4,22.4,22.4,22.4
YNGVFQECCQAEDK,light,22.23,0.27,21.83,22.66,629359,,22.23,0.27,h,22.23,22.23,22.23,22.23,22.23,22.23,22.23,22.23,22.23,22.23,22.23
YNGVFQECCQAEDK,light,22.2,0.26,21.83,22.55,587367,,22.2,0.26,h,22.2,22.2,22.2,22.2,22.2,22.2,22.2,22.2,22.2,22.2,22.2
YNGVFQECCQAEDK,light,22.14,0.3,21.77,22.72,574455,,22.14,0.3,h,22.14,22.14,22.14,22.14,22.14,22.14,22.14,22.14,22.14,22.14,22.14
YNGVFQECCQAEDK,light,22.29,0.29,21.94,22.69,630020,,22.29,0.29,h,22.29,22.29,22.29,22.29,22.29,22.29,22.29,22.29,22.29,22.29,22.29
YNGVFQECCQAEDK,light,22.34,0.27,21.94,22.75,562752,,22.34,0.27,h,22.34,22.34,22.34,22.34,22.34,22.34,22.34,22.34,22.34,22.34,22.34
YNGVFQECCQAEDK,light,22.43,0.29,22.03,22.78,584172,,22.43,0.29,h,22.43,22.43,22.43,22.43,22.43,22.43,22.43,22.43,22.43,22.43,22.43
YNGVFQECCQAEDK,light,22.52,0.27,22.08,23.03,593320,,22.52,0.27,h,22.52,22.52,22.52,22.52,22.52,22.52,22.52,22.52,22.52,22.52,22.52
YNGVFQECCQAEDK,light,22.43,0.26,22.06,22.86,591389,,22.43,0.26,h,22.43,22.43,22.43,22.43,22.43,22.43,22.43,22.43,22.43,22.43,22.43
YNGVFQECCQAEDK,light,22.4,0.27,21.97,22.8,579418,,22.4,0.27,h,22.4,22.4,22.4,22.4,22.4,22.4,22.4,22.4,22.4,22.4,22.4
YNGVFQECCQAEDK,light,22.52,0.26,22.17,22.92,560680,,22.52,0.26,h,22.52,22.52,22.52,22.52,22.52,22.52,22.52,22.52,22.52,22.52,22.52
YNGVFQECCQAEDK,light,22.43,0.29,22.14,22.8,553115,,22.43,0.29,h,22.43,22.43,22.43,22.43,22.43,22.43,22.43,22.43,22.43,22.43,22.43
YNGVFQECCQAEDK,light,22.37,0.26,21.85,22.75,592944,,22.37,0.26,h,22.37,22.37,22.37,22.37,22.37,22.37,22.37,22.37,22.37,22.37,22.37
YNGVFQECCQAEDK,light,22.37,0.28,22.03,22.78,525362,,22.37,0.28,h,22.37,22.37,22.37,22.37,22.37,22.37,22.37,22.37,22.37,22.37,22.37
YNGVFQECCQAEDK,light,22.26,0.28,21.83,22.63,518245,,22.26,0.28,h,22.26,22.26,22.26,22.26,22.26,22.26,22.26,22.26,22.26,22.26,22.26
YNGVFQECCQAEDK,light,22.14,0.26,21.74,22.55,486621,,22.14,0.26,h,22.14,22.14,22.14,22.14,22.14,22.14,22.14,22.14,22.14,22.14,22.14
YNGVFQECCQAEDK,light,22.29,0.28,21.8,22.72,486848,,22.29,0.28,h,22.29,22.29,22.29,22.29,22.29,22.29,22.29,22.29,22.29,22.29,22.29
YNGVFQECCQAEDK,light,22.49,0.26,21.94,22.92,574323,,22.49,0.26,h,22.49,22.49,22.49,22.49,22.49,22.49,22.49,22.49,22.49,22.49,22.49
YNGVFQECCQAEDK,light,22.34,0.29,21.94,22.75,552337,,22.34,0.29,h,22.34,22.34,22.34,22.34,22.34,22.34,22.34,22.34,22.34,22.34,22.34
YNGVFQECCQAEDK,light,22.37,0.28,21.91,22.89,559163,,22.37,0.28,h,22.37,22.37,22.37,22.37,22.37,22.37,22.37,22.37,22.37,22.37,22.37
YNGVFQECCQAEDK,light,22.26,0.27,21.74,22.69,522081,,22.26,0.27,h,22.26,22.26,22.26,22.26,22.26,22.26,22.26,22.26,22.26,22.26,22.26
YNGVFQECCQAEDK,light,22.34,0.27,21.88,22.78,549627,,22.34,0.27,h,22.34,22.34,22.34,22.34,22.34,22.34,22.34,22.34,22.34,22.34,22.34
YNGVFQECCQAEDK,light,22.4,0.23,21.91,22.78,485811,,22.4,0.23,h,22.4,22.4,22.4,22.4,22.4,22.4,22.4,22.4,22.4,22.4,22.4
YNGVFQECCQAEDK,light,22.4,0.24,21.88,22.83,564470,,22.4,0.24,h,22.4,22.4,22.4,22.4,22.4,22.4,22.4,22.4,22.4,22.4,22.4
YNGVFQECCQAEDK,light,22.37,0.29,22.03,22.83,490077,,22.37,0.29,h,22.37,22.37,22.37,22.37,22.37,22.37,22.37,22.37,22.37,22.37,22.37
YNGVFQECCQAEDK,light,22.43,0.26,21.88,22.86,513273,,22.43,0.26,h,22.43,22.43,22.43,22.43,22.43,22.43,22.43,22.43,22.43,22.43,22.43
YNGVFQECCQAEDK,light,22.37,0.27,22.08,22.83,483568,,22.37,0.27,h,22.37,22.37,22.37,22.37,22.37,22.37,22.37,22.37,22.37,22.37,22.37
YNGVFQECCQAEDK,light,22.31,0.27,21.8,22.78,471069,,22.31,0.27,h,22.31,22.31,22.31,22.31,22.31,22.31,22.31,22.31,22.31,22.31,22.31
YNGVFQECCQAEDK,light,22.2,0.28,21.83,22.78,496039,,22.2,0.28,h,22.2,22.2,22.2,22.2,22.2,22.2,22.2,22.2,22.2,22.2,22.2
YNGVFQECCQAEDK,light,22.2,0.26,21.77,22.69,509139,,22.2,0.26,h,22.2,22.2,22.2,22.2,22.2,22.2,22.2,22.2,22.2,22.2,22.2
YNGVFQECCQAEDK,light,22.23,0.27,21.85,22.63,508188,,22.23,0.27,h,22.23,22.23,22.23,22.23,22.23,22.23,22.23,22.23,22.23,22.23,22.23
YNGVFQECCQAEDK,light,22.34,0.28,21.91,22.8,472083,,22.34,0.28,h,22.34,22.34,22.34,22.34,22.34,22.34,22.34,22.34,22.34,22.34,22.34
YNGVFQECCQAEDK,light,22.2,0.26,21.77,22.69,509139,,22.2,0.26,h,22.2,22.2,22.2,22.2,22.2,22.2,22.2,22.2,22.2,22.2,22.2
HLVDEPQNLIK,light,21.34,0.23,21.05,21.68,4917036,,21.34,0.23,h,21.34,21.34,21.34,21.34,21.34,21.34,21.34,21.34,21.34,21.34,21.34
HLVDEPQNLIK,light,21.39,0.25,21.13,21.74,5191966,,21.39,0.25,h,21.39,21.39,21.39,21.39,21.39,21.39,21.39,21.39,21.39,21.39,21.39
HLVDEPQNLIK,light,21.28,0.22,20.99,21.59,5543847,,21.28,0.22,h,21.28,21.28,21.28,21.28,21.28,21.28,21.28,21.28,21.28,21.28,21.28
HLVDEPQNLIK,light,21.28,0.22,21.02,21.68,5074872,,21.28,0.22,h,21.28,21.28,21.28,21.28,21.28,21.28,21.28,21.28,21.28,21.28,21.28
HLVDEPQNLIK,light,21.34,0.23,21.02,21.65,5219599,,21.34,0.23,h,21.34,21.34,21.34,21.34,21.34,21.34,21.34,21.34,21.34,21.34,21.34
HLVDEPQNLIK,light,21.45,0.25,21.16,21.8,5288635,,21.45,0.25,h,21.45,21.45,21.45,21.45,21.45,21.45,21.45,21.45,21.45,21.45,21.45
HLVDEPQNLIK,light,21.54,0.23,21.25,21.88,5611004,,21.54,0.23,h,21.54,21.54,21.54,21.54,21.54,21.54,21.54,21.54,21.54,21.54,21.54
HLVDEPQNLIK,light,21.54,0.23,21.28,21.97,5546785,,21.54,0.23,h,21.54,21.54,21.54,21.54,21.54,21.54,21.54,21.54,21.54,21.54,21.54
HLVDEPQNLIK,light,21.57,0.23,21.34,21.97,5584431,,21.57,0.23,h,21.57,21.57,21.57,21.57,21.57,21.57,21.57,21.57,21.57,21.57,21.57
HLVDEPQNLIK,light,21.28,0.23,21.02,21.65,5820689,,21.28,0.23,h,21.28,21.28,21.28,21.28,21.28,21.28,21.28,21.28,21.28,21.28,21.28
HLVDEPQNLIK,light,21.19,0.24,20.96,21.59,5891295,,21.19,0.24,h,21.19,21.19,21.19,21.19,21.19,21.19,21.19,21.19,21.19,21.19,21.19
HLVDEPQNLIK,light,21.42,0.24,21.13,21.8,5619186,,21.42,0.24,h,21.42,21.42,21.42,21.42,21.42,21.42,21.42,21.42,21.42,21.42,21.42
HLVDEPQNLIK,light,21.54,0.25,21.25,21.91,6020554,,21.54,0.25,h,21.54,21.54,21.54,21.54,21.54,21.54,21.54,21.54,21.54,21.54,21.54
HLVDEPQNLIK,light,21.36,0.23,21.08,21.74,4408930,,21.36,0.23,h,21.36,21.36,21.36,21.36,21.36,21.36,21.36,21.36,21.36,21.36,21.36
HLVDEPQNLIK,light,21.28,0.23,20.99,21.65,4550331,,21.28,0.23,h,21.28,21.28,21.28,21.28,21.28,21.28,21.28,21.28,21.28,21.28,21.28
HLVDEPQNLIK,light,21.31,0.22,21.05,21.71,4428028,,21.31,0.22,h,21.31,21.31,21.31,21.31,21.31,21.31,21.31,21.31,21.31,21.31,21.31
HLVDEPQNLIK,light,21.45,0.22,21.16,21.77,4551445,,21.45,0.22,h,21.45,21.45,21.45,21.45,21.45,21.45,21.45,21.45,21.45,21.45,21.45
HLVDEPQNLIK,light,21.45,0.23,21.19,21.83,4420252,,21.45,0.23,h,21.45,21.45,21.45,21.45,21.45,21.45,21.45,21.45,21.45,21.45,21.45
HLVDEPQNLIK,light,21.68,0.22,21.42,22.03,4269880,,21.68,0.22,h,21.68,21.68,21.68,21.68,21.68,21.68,21.68,21.68,21.68,21.68,21.68
HLVDEPQNLIK,light,21.71,0.22,21.42,22.08,4215577,,21.71,0.22,h,21.71,21.71,21.71,21.71,21.71,21.71,21.71,21.71,21.71,21.71,21.71
HLVDEPQNLIK,light,21.59,0.22,21.34,21.97,4377054,,21.59,0.22,h,21.59,21.59,21.59,21.59,21.59,21.59,21.59,21.59,21.59,21.59,21.59
HLVDEPQNLIK,light,21.54,0.23,21.28,21.91,4124601,,21.54,0.23,h,21.54,21.54,21.54,21.54,21.54,21.54,21.54,21.54,21.54,21.54,21.54
HLVDEPQNLIK,light,21.62,0.22,21.36,21.97,3987535,,21.62,0.22,h,21.62,21.62,21.62,21.62,21.62,21.62,21.62,21.62,21.62,21.62,21.62
HLVDEPQNLIK,light,21.68,0.22,21.39,22.03,3948699,,21.68,0.22,h,21.68,21.68,21.68,21.68,21.68,21.68,21.68,21.68,21.68,21.68,21.68
HLVDEPQNLIK,light,21.51,0.22,21.25,21.88,4179827,,21.51,0.22,h,21.51,21.51,21.51,21.51,21.51,21.51,21.51,21.51,21.51,21.51,21.51
HLVDEPQNLIK,light,21.51,0.23,21.19,21.91,4287028,,21.51,0.23,h,21.51,21.51,21.51,21.51,21.51,21.51,21.51,21.51,21.51,21.51,21.51
HLVDEPQNLIK,light,21.31,0.22,21.08,21.68,3983304,,21.31,0.22,h,21.31,21.31,21.31,21.31,21.31,21.31,21.31,21.31,21.31,21.31,21.31
HLVDEPQNLIK,light,21.22,0.25,20.93,21.59,3911630,,21.22,0.25,h,21.22,21.22,21.22,21.22,21.22,21.22,21.22,21.22,21.22,21.22,21.22
HLVDEPQNLIK,light,21.39,0.22,21.11,21.77,3908522,,21.39,0.22,h,21.39,21.39,21.39,21.39,21.39,21.39,21.39,21.39,21.39,21.39,21.39
HLVDEPQNLIK,light,21.65,0.23,21.36,21.97,4348139,,21.65,0.23,h,21.65,21.65,21.65,21.65,21.65,21.65,21.65,21.65,21.65,21.65,21.65
HLVDEPQNLIK,light,21.45,0.23,21.16,21.8,4358767,,21.45,0.23,h,21.45,21.45,21.45,21.45,21.45,21.45,21.45,21.45,21.45,21.45,21.45
HLVDEPQNLIK,light,21.48,0.23,21.16,21.91,4126042,,21.48,0.23,h,21.48,21.48,21.48,21.48,21.48,21.48,21.48,21.48,21.48,21.48,21.48
HLVDEPQNLIK,light,21.28,0.27,20.99,21.68,3908435,,21.28,0.27,h,21.28,21.28,21.28,21.28,21.28,21.28,21.28,21.28,21.28,21.28,21.28
HLVDEPQNLIK,light,21.57,0.22,21.28,21.91,4163307,,21.57,0.22,h,21.57,21.57,21.57,21.57,21.57,21.57,21.57,21.57,21.57,21.57,21.57
HLVDEPQNLIK,light,21.42,0.22,21.13,21.77,3819274,,21.42,0.22,h,21.42,21.42,21.42,21.42,21.42,21.42,21.42,21.42,21.42,21.42,21.42
HLVDEPQNLIK,light,21.45,0.23,21.19,21.85,5663097,,21.45,0.23,h,21.45,21.45,21.45,21.45,21.45,21.45,21.45,21.45,21.45,21.45,21.45
HLVDEPQNLIK,light,21.48,0.23,21.22,21.83,3912237,,21.48,0.23,h,21.48,21.48,21.48,21.48,21.48,21.48,21.48,21.48,21.48,21.48,21.48
HLVDEPQNLIK,light,21.48,0.21,21.19,21.8,3926147,,21.48,0.21,h,21.48,21.48,21.48,21.48,21.48,21.48,21.48,21.48,21.48,21.48,21.48
HLVDEPQNLIK,light,21.42,0.23,21.16,21.83,4195728,,21.42,0.23,h,21.42,21.42,21.42,21.42,21.42,21.42,21.42,21.42,21.42,21.42,21.42
HLVDEPQNLIK,light,21.36,0.22,21.08,21.74,4096102,,21.36,0.22,h,21.36,21.36,21.36,21.36,21.36,21.36,21.36,21.36,21.36,21.36,21.36
HLVDEPQNLIK,light,21.34,0.23,21.08,21.71,4204536,,21.34,0.23,h,21.34,21.34,21.34,21.34,21.34,21.34,21.34,21.34,21.34,21.34,21.34
HLVDEPQNLIK,light,21.25,0.23,20.99,21.65,4286372,,21.25,0.23,h,21.25,21.25,21.25,21.25,21.25,21.25,21.25,21.25,21.25,21.25,21.25
HLVDEPQNLIK,light,21.39,0.22,21.11,21.77,4368358,,21.39,0.22,h,21.39,21.39,21.39,21.39,21.39,21.39,21.39,21.39,21.39,21.39,21.39
HLVDEPQNLIK,light,21.48,0.21,21.19,21.85,4475334,,21.48,0.21,h,21.48,21.48,21.48,21.48,21.48,21.48,21.48,21.48,21.48,21.48,21.48
HLVDEPQNLIK,light,21.25,0.23,20.99,21.65,4286372,,21.25,0.23,h,21.25,21.25,21.25,21.25,21.25,21.25,21.25,21.25,21.25,21.25,21.25